date,average_rain
2017-01-01,0.0
2017-01-02,0.20049486050800402
2017-01-03,0.0021295866361512386
2017-01-04,0.0
2017-01-05,0.0
2017-01-06,0.0
2017-01-07,1.8541900065914882
2017-01-08,1.2727725459344186
2017-01-09,0.013450416527232346
2017-01-10,0.1753142792785828
2017-01-11,0.002248515193038362
2017-01-12,0.0011114788298704186
2017-01-13,0.0
2017-01-14,0.0
2017-01-15,0.0
2017-01-16,0.0011320461250255128
2017-01-17,0.0025002446362298015
2017-01-18,0.0018068885664203076
2017-01-19,0.0
2017-01-20,0.0
2017-01-21,0.0
2017-01-22,0.0016739545688684758
2017-01-23,0.0
2017-01-24,0.0
2017-01-25,0.0
2017-01-26,0.08090417039290114
2017-01-27,7.154737320568402
2017-01-28,3.900046371357955
2017-01-29,0.0
2017-01-30,0.0
2017-01-31,0.000530182055412159
2017-02-01,0.0
2017-02-02,0.0
2017-02-03,0.0
2017-02-04,0.0
2017-02-05,0.05689946916117265
2017-02-06,0.13636373769785157
2017-02-07,0.0
2017-02-08,0.0
2017-02-09,0.0
2017-02-10,0.0
2017-02-11,0.0
2017-02-12,0.21850724922324757
2017-02-13,0.0
2017-02-14,0.0
2017-02-15,0.0
2017-02-16,0.0
2017-02-17,0.0
2017-02-18,0.0
2017-02-19,0.0
2017-02-20,0.0
2017-02-21,0.053689740750254414
2017-02-22,0.007468300293207864
2017-02-23,0.0
2017-02-24,0.0
2017-02-25,0.0
2017-02-26,0.0
2017-02-27,0.0
2017-02-28,0.0
2017-03-01,0.021178439954627013
2017-03-02,0.21606994678779523
2017-03-03,0.0603453530862102
2017-03-04,0.0017968924069891171
2017-03-05,0.0
2017-03-06,0.0
2017-03-07,0.0
2017-03-08,0.014042795312647917
2017-03-09,0.42117275947123856
2017-03-10,3.0127949949038966
2017-03-11,2.3211651920794396
2017-03-12,0.8275822536373625
2017-03-13,0.0
2017-03-14,0.0
2017-03-15,0.0
2017-03-16,0.0
2017-03-17,0.0022868797313367662
2017-03-18,0.0020555935083255822
2017-03-19,0.16276557044107087
2017-03-20,0.03116735490174752
2017-03-21,0.08421284029852197
2017-03-22,0.0
2017-03-23,0.0
2017-03-24,0.016091243866233715
2017-03-25,0.0
2017-03-26,0.0
2017-03-27,0.0
2017-03-28,0.0
2017-03-29,0.0
2017-03-30,0.0
2017-03-31,0.0
2017-04-01,0.0
2017-04-02,0.0
2017-04-03,0.0
2017-04-04,0.0
2017-04-05,0.08501525088579939
2017-04-06,0.22681000133645082
2017-04-07,0.23321753709900137
2017-04-08,0.0878761133977345
2017-04-09,0.0
2017-04-10,0.0
2017-04-11,0.0
2017-04-12,0.0
2017-04-13,0.0
2017-04-14,0.0
2017-04-15,0.0
2017-04-16,0.0
2017-04-17,0.0
2017-04-18,0.0
2017-04-19,0.0
2017-04-20,0.027752411044026256
2017-04-21,0.0
2017-04-22,0.135411830624408
2017-04-23,0.03151463945301212
2017-04-24,1.4362854388903599
2017-04-25,0.0
2017-04-26,0.00709978438935544
2017-04-27,0.006196400080060819
2017-04-28,0.012363828914158546
2017-04-29,0.00709978438935544
2017-04-30,0.07871816987198921
2017-05-01,0.7932565635825037
2017-05-02,0.025996777041660455
2017-05-03,0.0
2017-05-04,0.010880799339568302
2017-05-05,0.0
2017-05-06,0.0
2017-05-07,0.0
2017-05-08,0.0
2017-05-09,2.382803882132814
2017-05-10,0.12640556638772565
2017-05-11,0.20601720636596485
2017-05-12,0.0078033135861766585
2017-05-13,1.1432754568125694
2017-05-14,0.031134539308249082
2017-05-15,0.039840572777016865
2017-05-16,0.0075216389779794324
2017-05-17,2.1776937140102985
2017-05-18,3.2502130509161393
2017-05-19,0.5757636911841245
2017-05-20,0.24887223572147135
2017-05-21,0.01714355674498978
2017-05-22,0.481147082180393
2017-05-23,0.0
2017-05-24,0.22008514643236776
2017-05-25,0.0
2017-05-26,0.6998102445340018
2017-05-27,3.431244675124352
2017-05-28,0.8683097447885021
2017-05-29,3.6984340897584795
2017-05-30,1.2006188126025672
2017-05-31,1.770373919788672
2017-06-01,1.3487759921971285
2017-06-02,0.1531393196944245
2017-06-03,0.11126010402298529
2017-06-04,0.0
2017-06-05,0.0
2017-06-06,4.821964582531515
2017-06-07,6.392279615837527
2017-06-08,1.0420394641925572
2017-06-09,1.3024095190857312
2017-06-10,0.039894967836819305
2017-06-11,0.6612585039032791
2017-06-12,0.3778287456438771
2017-06-13,0.04159041565813059
2017-06-14,0.17649384881247585
2017-06-15,2.8194107802112316
2017-06-16,0.7675682553918299
2017-06-17,4.77551123604135
2017-06-18,0.5359912078295436
2017-06-19,1.524160773930501
2017-06-20,4.469234559847905
2017-06-21,5.107733709862559
2017-06-22,4.192872104530953
2017-06-23,0.4603278508122044
2017-06-24,0.8314675233888904
2017-06-25,0.37919903922359033
2017-06-26,1.344050162257328
2017-06-27,0.45251936693580785
2017-06-28,2.445418499236378
2017-06-29,11.010412206107604
2017-06-30,6.56891868478529
2017-07-01,5.241997180175329
2017-07-02,13.968467101693674
2017-07-03,10.027429492867201
2017-07-04,15.244081771147842
2017-07-05,28.804504248995126
2017-07-06,22.58112688069354
2017-07-07,13.32312352134257
2017-07-08,5.543480586010756
2017-07-09,6.966238280948327
2017-07-10,21.40355000894723
2017-07-11,32.9926606847663
2017-07-12,14.612090650370273
2017-07-13,5.059036019353234
2017-07-14,1.6599514859758382
2017-07-15,1.15207855939952
2017-07-16,1.0268372632454505
2017-07-17,2.466557926213255
2017-07-18,3.333849311113879
2017-07-19,0.9477808286514644
2017-07-20,6.420710769843082
2017-07-21,7.51352435517676
2017-07-22,8.339201473677123
2017-07-23,4.768403255665789
2017-07-24,6.918213877468519
2017-07-25,13.851624149709679
2017-07-26,6.701344976424302
2017-07-27,5.03484134471625
2017-07-28,3.0810936514299048
2017-07-29,1.9018957498035347
2017-07-30,5.572685457657447
2017-07-31,5.7865833293852935
2017-08-01,5.1929963280395235
2017-08-02,6.916242045450836
2017-08-03,6.636563135153525
2017-08-04,4.526215285432061
2017-08-05,1.7800552419688194
2017-08-06,4.681830647909259
2017-08-07,8.07278198714072
2017-08-08,10.85888784930501
2017-08-09,6.591618487052076
2017-08-10,10.484037402050662
2017-08-11,12.750433850653318
2017-08-12,5.158509049141025
2017-08-13,5.073465613599422
2017-08-14,17.488587937249907
2017-08-15,6.962924836697627
2017-08-16,1.1556973833123727
2017-08-17,2.566853406434504
2017-08-18,1.7019724526575633
2017-08-19,4.081890497954003
2017-08-20,2.667832502601098
2017-08-21,0.41248159299525855
2017-08-22,0.7208041932118877
2017-08-23,7.21439918367404
2017-08-24,9.537934337995143
2017-08-25,4.862496751194967
2017-08-26,7.98800543741304
2017-08-27,6.811994251982464
2017-08-28,11.587088132977659
2017-08-29,1.742594008477888
2017-08-30,1.1098129303132132
2017-08-31,2.963626566698704
2017-09-01,16.998002545240148
2017-09-02,12.680505821117507
2017-09-03,4.189189406312763
2017-09-04,1.2527166560683236
2017-09-05,0.40288981002464935
2017-09-06,0.5151147991636057
2017-09-07,3.2921130519262554
2017-09-08,0.2336510766960094
2017-09-09,0.11630009025682861
2017-09-10,0.06153337887702808
2017-09-11,0.11083524007317623
2017-09-12,0.5147588669428325
2017-09-13,0.8621010697791597
2017-09-14,0.5021732777530876
2017-09-15,0.5586491372034431
2017-09-16,1.0121673695286926
2017-09-17,0.35737421200678576
2017-09-18,1.393026628056351
2017-09-19,2.6176151480341097
2017-09-20,0.8220693906742004
2017-09-21,7.426715740418121
2017-09-22,24.89914803235159
2017-09-23,26.12997830396317
2017-09-24,6.963597411338685
2017-09-25,0.5137363768266867
2017-09-26,0.13287951782041665
2017-09-27,0.030509038673545458
2017-09-28,0.08564218031595469
2017-09-29,0.33677383681688644
2017-09-30,0.3850424706979326
2017-10-01,0.050137015369126126
2017-10-02,1.494440525813631
2017-10-03,0.0908043729494334
2017-10-04,0.0
2017-10-05,0.0
2017-10-06,0.2848446497764254
2017-10-07,0.04440358945822924
2017-10-08,0.11448200253373332
2017-10-09,0.12193187124180029
2017-10-10,0.22109866298669975
2017-10-11,0.22454969102717698
2017-10-12,0.20037769115701012
2017-10-13,0.0003635509064524236
2017-10-14,0.0
2017-10-15,0.0
2017-10-16,0.0
2017-10-17,0.0
2017-10-18,0.0
2017-10-19,0.0
2017-10-20,0.2363266786750482
2017-10-21,0.022578812418804224
2017-10-22,0.004235739871294783
2017-10-23,0.0
2017-10-24,0.0
2017-10-25,0.0
2017-10-26,0.0
2017-10-27,0.0
2017-10-28,0.0
2017-10-29,0.0
2017-10-30,0.048862000422297
2017-10-31,0.010520322764232624
2017-11-01,0.0
2017-11-02,0.0
2017-11-03,0.0
2017-11-04,0.0
2017-11-05,0.0
2017-11-06,0.0
2017-11-07,0.0
2017-11-08,0.0
2017-11-09,0.0
2017-11-10,0.0
2017-11-11,0.0
2017-11-12,0.0
2017-11-13,0.0
2017-11-14,0.0
2017-11-15,0.0
2017-11-16,0.0014375139342800174
2017-11-17,0.005386218732717086
2017-11-18,0.0
2017-11-19,0.0003807802328910494
2017-11-20,0.0
2017-11-21,0.0
2017-11-22,0.0
2017-11-23,0.0
2017-11-24,0.0
2017-11-25,0.0
2017-11-26,0.0
2017-11-27,0.0
2017-11-28,0.0
2017-11-29,0.0
2017-11-30,0.0
2017-12-01,0.0
2017-12-02,0.0
2017-12-03,0.0
2017-12-04,0.0
2017-12-05,0.0
2017-12-06,0.027494659576749663
2017-12-07,0.02303738279523377
2017-12-08,0.0
2017-12-09,0.0
2017-12-10,0.0
2017-12-11,0.0
2017-12-12,0.659824718973727
2017-12-13,0.01971369225846783
2017-12-14,0.0
2017-12-15,0.006020870179198574
2017-12-16,0.0
2017-12-17,0.0
2017-12-18,0.0
2017-12-19,0.0
2017-12-20,0.0
2017-12-21,0.0
2017-12-22,0.0
2017-12-23,0.0
2017-12-24,0.0
2017-12-25,0.0
2017-12-26,0.0
2017-12-27,0.0
2017-12-28,0.0
2017-12-29,0.0
2017-12-30,0.0
2017-12-31,0.0
2018-01-01,0.0
2018-01-02,0.0
2018-01-03,0.0
2018-01-04,0.0
2018-01-05,0.0
2018-01-06,0.0
2018-01-07,0.0
2018-01-08,0.0
2018-01-09,0.0
2018-01-10,0.0
2018-01-11,0.0
2018-01-12,0.0
2018-01-13,0.0
2018-01-14,0.0
2018-01-15,0.0
2018-01-16,0.0
2018-01-17,0.0
2018-01-18,0.0
2018-01-19,0.0
2018-01-20,0.0
2018-01-21,0.0
2018-01-22,0.0
2018-01-23,0.0
2018-01-24,1.416603916153616
2018-01-25,0.0007311660937595646
2018-01-26,0.0
2018-01-27,0.0
2018-01-28,0.0
2018-01-29,0.0
2018-01-30,0.0
2018-01-31,0.0
2018-02-01,0.0
2018-02-02,0.0
2018-02-03,0.0
2018-02-04,0.0
2018-02-05,0.0
2018-02-06,0.0
2018-02-07,0.0
2018-02-08,0.0
2018-02-09,0.0
2018-02-10,0.0
2018-02-11,0.0
2018-02-12,1.3342694559571695
2018-02-13,2.645663162644507
2018-02-14,0.028971202997355002
2018-02-15,0.0
2018-02-16,0.0
2018-02-17,0.0
2018-02-18,0.0
2018-02-19,0.0
2018-02-20,0.0
2018-02-21,0.0
2018-02-22,0.0
2018-02-23,0.0
2018-02-24,0.0
2018-02-25,0.07267217559647629
2018-02-26,0.01052081037540825
2018-02-27,0.0
2018-02-28,0.0
2018-03-01,0.0
2018-03-02,0.0
2018-03-03,0.0
2018-03-04,0.014835338116387237
2018-03-05,0.30060964990027095
2018-03-06,0.0
2018-03-07,0.0
2018-03-08,0.0
2018-03-09,0.0009529723544162495
2018-03-10,0.0
2018-03-11,0.0
2018-03-12,0.0
2018-03-13,0.0
2018-03-14,0.0
2018-03-15,0.0011584464210810535
2018-03-16,0.005420127519713199
2018-03-17,0.0
2018-03-18,0.0
2018-03-19,0.0
2018-03-20,0.0
2018-03-21,0.1362741532200627
2018-03-22,0.17002617222400865
2018-03-23,0.00038506481633589494
2018-03-24,0.0
2018-03-25,0.0
2018-03-26,0.0027430319925091356
2018-03-27,0.0
2018-03-28,0.0
2018-03-29,0.0
2018-03-30,0.0
2018-03-31,0.1381955995243423
2018-04-01,0.0
2018-04-02,0.0
2018-04-03,0.0
2018-04-04,0.006256348972070321
2018-04-05,0.09019390804253236
2018-04-06,0.0
2018-04-07,2.9396308802567837
2018-04-08,1.002500078616441
2018-04-09,0.1634564545689797
2018-04-10,2.4811123341061285
2018-04-11,1.0045953629750204
2018-04-12,2.5309772434761157
2018-04-13,0.12579934881136648
2018-04-14,0.0
2018-04-15,0.0
2018-04-16,0.0
2018-04-17,0.04247022300697972
2018-04-18,0.029939534625923667
2018-04-19,0.0
2018-04-20,0.000530182055412159
2018-04-21,0.042553574780854815
2018-04-22,0.0
2018-04-23,0.0
2018-04-24,0.000530182055412159
2018-04-25,0.0
2018-04-26,0.0
2018-04-27,0.0
2018-04-28,0.012387304042761945
2018-04-29,0.08920476055614454
2018-04-30,3.3390368869848572
2018-05-01,0.20559476941563298
2018-05-02,0.010100630712057341
2018-05-03,5.905409174219165
2018-05-04,0.1111387806800642
2018-05-05,0.005143067058251828
2018-05-06,0.013511974679485355
2018-05-07,0.1283311623830142
2018-05-08,0.025949653009979094
2018-05-09,0.24882531496248161
2018-05-10,0.3922840288403083
2018-05-11,0.0
2018-05-12,0.0
2018-05-13,0.0
2018-05-14,6.867070698029967
2018-05-15,0.03510199726149223
2018-05-16,0.20137950143730676
2018-05-17,0.010391401740621895
2018-05-18,0.0
2018-05-19,0.0008984844990443905
2018-05-20,0.34060998610696014
2018-05-21,0.021505459230773304
2018-05-22,0.0
2018-05-23,0.0
2018-05-24,0.20950345764528558
2018-05-25,0.480013277218745
2018-05-26,0.0
2018-05-27,0.0
2018-05-28,0.013227454731485238
2018-05-29,0.45872550010246715
2018-05-30,1.0233675784081133
2018-05-31,0.21645885675537344
2018-06-01,1.8914484127313334
2018-06-02,3.749939444417856
2018-06-03,0.14598360959625106
2018-06-04,0.1178956699527735
2018-06-05,0.005143067058251828
2018-06-06,0.6040360091292128
2018-06-07,0.7626746672452712
2018-06-08,2.3679735491340086
2018-06-09,1.5773869907543194
2018-06-10,3.462541029530607
2018-06-11,1.848486464242546
2018-06-12,0.7545292442637351
2018-06-13,0.649055768401734
2018-06-14,1.983454594806749
2018-06-15,0.5215753866658266
2018-06-16,0.1231553714841865
2018-06-17,0.7809080102049227
2018-06-18,0.431770837819611
2018-06-19,0.7778917460460705
2018-06-20,0.01854377641796023
2018-06-21,0.3151930973324762
2018-06-22,0.08541734421044675
2018-06-23,1.326473864148379
2018-06-24,0.48336792042147664
2018-06-25,0.3991066851264881
2018-06-26,1.069273352731595
2018-06-27,8.924427265893266
2018-06-28,5.640439210258664
2018-06-29,2.0489685526959405
2018-06-30,1.069428108002632
2018-07-01,5.4613899085942235
2018-07-02,19.067167205622003
2018-07-03,14.960380618647827
2018-07-04,6.807824421793483
2018-07-05,0.9834463909138048
2018-07-06,1.3465562904411086
2018-07-07,0.8615094600544031
2018-07-08,0.019068490485755766
2018-07-09,0.67463002790515
2018-07-10,0.33687260358135485
2018-07-11,1.8975247798091122
2018-07-12,12.546651522984657
2018-07-13,12.37215489826814
2018-07-14,15.292278460897615
2018-07-15,6.916857527096487
2018-07-16,1.3578579952565644
2018-07-17,0.8236084383187419
2018-07-18,1.131693714757181
2018-07-19,3.646283560000773
2018-07-20,6.909640524373458
2018-07-21,9.914764762728451
2018-07-22,9.93410413890382
2018-07-23,6.20476708776228
2018-07-24,5.0568447432347705
2018-07-25,14.362508995800603
2018-07-26,29.611686522168252
2018-07-27,25.408458339012398
2018-07-28,19.645478261194842
2018-07-29,17.73760858855859
2018-07-30,30.535304395628565
2018-07-31,25.17273737416323
2018-08-01,17.685152221525374
2018-08-02,17.34800701955491
2018-08-03,21.80237223499023
2018-08-04,9.90239622824046
2018-08-05,10.515644440954176
2018-08-06,6.463115704954539
2018-08-07,6.809585056786287
2018-08-08,8.522099273480237
2018-08-09,0.7494676958758699
2018-08-10,0.8403894797445386
2018-08-11,6.679884743912053
2018-08-12,17.62582778365897
2018-08-13,15.229741747260267
2018-08-14,10.753089273636265
2018-08-15,6.410748866443732
2018-08-16,9.056542199919592
2018-08-17,0.49866164052104117
2018-08-18,0.7123715908377928
2018-08-19,3.1370195359121955
2018-08-20,8.167407746456629
2018-08-21,5.448748373494378
2018-08-22,2.2516001199450852
2018-08-23,9.29164251007422
2018-08-24,20.782556971594822
2018-08-25,28.409167275397493
2018-08-26,23.296192271520898
2018-08-27,6.996686247082389
2018-08-28,5.519308729873802
2018-08-29,5.002489986251116
2018-08-30,6.106673134116146
2018-08-31,16.925406444980695
2018-09-01,20.468547172388252
2018-09-02,9.813901828498778
2018-09-03,12.988929483355308
2018-09-04,12.883337691882435
2018-09-05,10.308546962265371
2018-09-06,9.458066463513903
2018-09-07,6.882424259324811
2018-09-08,5.740529300042214
2018-09-09,1.018005835766695
2018-09-10,0.04718177878561242
2018-09-11,0.10485815056993385
2018-09-12,3.808244612382904
2018-09-13,7.372009087364805
2018-09-14,1.6972803368773475
2018-09-15,1.113906141576892
2018-09-16,0.25265398260977107
2018-09-17,0.010893335364997907
2018-09-18,0.0
2018-09-19,0.0
2018-09-20,0.0
2018-09-21,2.251817557124459
2018-09-22,4.096310392652065
2018-09-23,5.986891564752896
2018-09-24,6.514270215357706
2018-09-25,9.176850021949836
2018-09-26,0.2653009405810353
2018-09-27,0.0981502744312189
2018-09-28,0.4993027293994892
2018-09-29,0.000530182055412159
2018-09-30,0.0
2018-10-01,0.0
2018-10-02,0.0
2018-10-03,0.0
2018-10-04,0.015256815896784947
2018-10-05,0.01477007752517917
2018-10-06,0.03388634893185196
2018-10-07,0.03309482509818786
2018-10-08,0.02709548031970989
2018-10-09,0.0
2018-10-10,0.0
2018-10-11,0.0
2018-10-12,2.5249878563877446
2018-10-13,0.008224906448720148
2018-10-14,0.0
2018-10-15,0.0
2018-10-16,0.0
2018-10-17,0.0
2018-10-18,0.0
2018-10-19,0.0
2018-10-20,0.0
2018-10-21,0.0017817882337653602
2018-10-22,0.006970860737405783
2018-10-23,0.0
2018-10-24,0.0
2018-10-25,0.0
2018-10-26,0.0
2018-10-27,0.0
2018-10-28,0.0
2018-10-29,0.0
2018-10-30,0.0
2018-10-31,0.0
2018-11-01,0.0
2018-11-02,0.0
2018-11-03,0.01217074149204065
2018-11-04,0.16270990487264128
2018-11-05,0.010802837485127129
2018-11-06,0.0
2018-11-07,0.0
2018-11-08,0.0
2018-11-09,0.0
2018-11-10,0.0
2018-11-11,0.0
2018-11-12,0.0
2018-11-13,0.00045847414881425416
2018-11-14,0.14150512783242383
2018-11-15,0.0719474314904769
2018-11-16,0.0
2018-11-17,0.0
2018-11-18,0.0
2018-11-19,0.0
2018-11-20,0.0
2018-11-21,0.0
2018-11-22,0.0
2018-11-23,0.0
2018-11-24,0.0
2018-11-25,0.0
2018-11-26,0.0
2018-11-27,0.0
2018-11-28,0.0
2018-11-29,0.0
2018-11-30,0.0
2018-12-01,0.0
2018-12-02,0.0
2018-12-03,0.0
2018-12-04,0.0
2018-12-05,0.0
2018-12-06,0.0
2018-12-07,0.0
2018-12-08,0.0
2018-12-09,0.0
2018-12-10,0.0
2018-12-11,0.012654711006334154
2018-12-12,0.0450281027280902
2018-12-13,0.017452498045329102
2018-12-14,0.0019085431585506517
2018-12-15,0.0
2018-12-16,0.0
2018-12-17,0.0
2018-12-18,0.07700644768014246
2018-12-19,0.0
2018-12-20,0.0
2018-12-21,0.0
2018-12-22,0.0
2018-12-23,0.0
2018-12-24,0.0
2018-12-25,0.0
2018-12-26,0.0
2018-12-27,0.0
2018-12-28,0.0
2018-12-29,0.0
2018-12-30,0.0
2018-12-31,0.0
2019-01-01,0.0
2019-01-02,0.0
2019-01-03,0.0
2019-01-04,0.0
2019-01-05,0.0
2019-01-06,0.0
2019-01-07,0.5769825256470341
2019-01-08,0.05874679311458293
2019-01-09,0.0
2019-01-10,0.0
2019-01-11,0.0
2019-01-12,0.0
2019-01-13,0.0007324667957016748
2019-01-14,0.001936244981977057
2019-01-15,0.0
2019-01-16,0.0
2019-01-17,0.0
2019-01-18,0.0
2019-01-19,0.0
2019-01-20,0.0
2019-01-21,0.0
2019-01-22,4.105086493096789
2019-01-23,2.0905254425660167
2019-01-24,0.665545258595019
2019-01-25,0.9172430697926279
2019-01-26,4.7966693218786585
2019-01-27,0.15168282285376122
2019-01-28,0.0003534546963675029
2019-01-29,0.007223489289728615
2019-01-30,0.0
2019-01-31,0.0003534546963675029
2019-02-01,0.0554224644996682
2019-02-02,0.0
2019-02-03,0.0
2019-02-04,0.0
2019-02-05,0.0
2019-02-06,0.49438504700931796
2019-02-07,4.2189913728103345
2019-02-08,3.9938849429694976
2019-02-09,2.5233176363409435
2019-02-10,0.013203574013258208
2019-02-11,0.0
2019-02-12,0.06546887155872044
2019-02-13,0.0
2019-02-14,0.14005190976854665
2019-02-15,3.2115056327063556
2019-02-16,4.40858990725119
2019-02-17,0.008650826121905802
2019-02-18,0.0016718715342418794
2019-02-19,0.2000456440857131
2019-02-20,0.09233149736250802
2019-02-21,0.0756070527625501
2019-02-22,0.10724008530812777
2019-02-23,0.0034287114011302983
2019-02-24,0.0
2019-02-25,0.0011584464210810535
2019-02-26,0.2737427416200541
2019-02-27,3.043883689964304
2019-02-28,2.799085159126246
2019-03-01,0.0
2019-03-02,0.0
2019-03-03,2.6027875696648315
2019-03-04,0.8381299784206093
2019-03-05,0.1626499409056961
2019-03-06,0.0
2019-03-07,0.0
2019-03-08,0.0
2019-03-09,0.00041691328971796065
2019-03-10,0.0
2019-03-11,0.0
2019-03-12,0.02281646052532919
2019-03-13,0.0
2019-03-14,0.004557569807194412
2019-03-15,0.16674986737983916
2019-03-16,0.0015119011174485565
2019-03-17,0.0
2019-03-18,0.34620122455125646
2019-03-19,0.0
2019-03-20,0.0006857579981272839
2019-03-21,0.11427642926356535
2019-03-22,0.005253549654351726
2019-03-23,0.0
2019-03-24,0.0
2019-03-25,0.0
2019-03-26,0.6669009658277208
2019-03-27,0.04212536886551637
2019-03-28,0.0
2019-03-29,0.0
2019-03-30,0.0
2019-03-31,0.06467741632253018
2019-04-01,0.0
2019-04-02,0.0
2019-04-03,0.0
2019-04-04,0.0
2019-04-05,0.0
2019-04-06,0.014582031452621037
2019-04-07,1.1160025136767948
2019-04-08,0.03850236867416009
2019-04-09,0.11418935434985092
2019-04-10,0.1839104617997439
2019-04-11,0.0
2019-04-12,0.0
2019-04-13,0.0
2019-04-14,0.000728790857353989
2019-04-15,0.0
2019-04-16,0.0007209392487133905
2019-04-17,0.9047072249147009
2019-04-18,3.116538606823012
2019-04-19,0.0
2019-04-20,0.009820761207936457
2019-04-21,0.0
2019-04-22,0.0060267037448660625
2019-04-23,0.04368526232225207
2019-04-24,0.0
2019-04-25,0.006857422802260597
2019-04-26,0.05473617101549755
2019-04-27,0.0
2019-04-28,0.0
2019-04-29,0.0
2019-04-30,0.0
2019-05-01,0.0005934231917295095
2019-05-02,0.18094986155846376
2019-05-03,0.9359495906327626
2019-05-04,0.7591112941155976
2019-05-05,0.0
2019-05-06,0.0
2019-05-07,0.0
2019-05-08,0.0
2019-05-09,0.0
2019-05-10,0.0
2019-05-11,0.0
2019-05-12,0.001470820201729199
2019-05-13,0.060045965602377065
2019-05-14,0.1266280178947282
2019-05-15,0.007612756038024891
2019-05-16,0.30530607530917786
2019-05-17,0.05474625019568396
2019-05-18,0.24719872951246907
2019-05-19,0.002120728221648636
2019-05-20,0.0
2019-05-21,0.0
2019-05-22,0.0
2019-05-23,0.06965444226132884
2019-05-24,0.1241993616299796
2019-05-25,0.06944992769042535
2019-05-26,0.000530182055412159
2019-05-27,0.0
2019-05-28,0.0
2019-05-29,0.0
2019-05-30,0.0
2019-05-31,0.09136826581927152
2019-06-01,0.0
2019-06-02,0.014537565735964316
2019-06-03,0.8556483326474362
2019-06-04,0.006480636819111015
2019-06-05,0.0014629763694963371
2019-06-06,0.0
2019-06-07,3.018294868724687
2019-06-08,0.003000666791947868
2019-06-09,0.0
2019-06-10,0.030551369614225783
2019-06-11,0.13455897491457858
2019-06-12,0.9967450215196123
2019-06-13,1.624332411187557
2019-06-14,0.3123458936028508
2019-06-15,0.008330930686900637
2019-06-16,0.006105206754742836
2019-06-17,0.5425379942917963
2019-06-18,1.8753630881667485
2019-06-19,0.3848125683496714
2019-06-20,1.514961736651447
2019-06-21,0.23156010861299475
2019-06-22,3.7255920420669604
2019-06-23,9.029852467184512
2019-06-24,7.794583141456193
2019-06-25,6.011800605923198
2019-06-26,2.5026385022582534
2019-06-27,2.069667796829699
2019-06-28,0.4147027741585459
2019-06-29,0.1801733260556143
2019-06-30,1.7476911457260913
2019-07-01,0.785672588311896
2019-07-02,1.1636288817265985
2019-07-03,5.313987228639272
2019-07-04,2.8255016612372317
2019-07-05,3.0674200087959496
2019-07-06,23.31076102897134
2019-07-07,9.705192622785665
2019-07-08,15.583816629934937
2019-07-09,23.49994654523388
2019-07-10,36.078184730891934
2019-07-11,42.228835598220805
2019-07-12,21.25099557599069
2019-07-13,14.311895038965144
2019-07-14,12.724195239104265
2019-07-15,5.402383648206645
2019-07-16,13.527739083671362
2019-07-17,4.180422213308665
2019-07-18,1.2586834156782565
2019-07-19,0.9367284344254013
2019-07-20,1.5126081269571108
2019-07-21,2.18111006539782
2019-07-22,4.557438097959357
2019-07-23,1.3374233819522594
2019-07-24,13.59952900497889
2019-07-25,18.54332838948197
2019-07-26,14.40400020295955
2019-07-27,11.24325362008619
2019-07-28,8.19272637984148
2019-07-29,2.9830820375168288
2019-07-30,0.1880300353680338
2019-07-31,0.41076350629155906
2019-08-01,1.1420841086275724
2019-08-02,2.6041262294260825
2019-08-03,5.0727694621065265
2019-08-04,4.764844055121912
2019-08-05,4.655242613905025
2019-08-06,11.269413379621055
2019-08-07,13.943459286243158
2019-08-08,2.802891695247447
2019-08-09,2.127359436743461
2019-08-10,2.174282072519248
2019-08-11,1.4683498658305008
2019-08-12,3.2338167665303623
2019-08-13,4.483425377148581
2019-08-14,8.846533145179901
2019-08-15,6.590619754578386
2019-08-16,3.7744045477610286
2019-08-17,4.642286301875601
2019-08-18,6.03902288795647
2019-08-19,9.16812254329899
2019-08-20,8.014386932547517
2019-08-21,14.674199246043887
2019-08-22,14.9789366081748
2019-08-23,5.344965816217504
2019-08-24,8.293875689843654
2019-08-25,8.20360320597974
2019-08-26,8.189862038516615
2019-08-27,2.633733723258312
2019-08-28,0.9947673089954318
2019-08-29,1.6458469002830738
2019-08-30,3.346132327490228
2019-08-31,1.429730808965145
2019-09-01,8.513160698832646
2019-09-02,1.2980403027364187
2019-09-03,1.140782478165001
2019-09-04,4.993134543017291
2019-09-05,0.9259103834629059
2019-09-06,0.9682840025242494
2019-09-07,2.8615811970030602
2019-09-08,3.9281570304282902
2019-09-09,1.4294240547468988
2019-09-10,1.1595720804293719
2019-09-11,2.015474703347544
2019-09-12,5.715661668829598
2019-09-13,12.866101894190985
2019-09-14,8.108782902359962
2019-09-15,5.366120034008784
2019-09-16,3.6957243435497533
2019-09-17,8.598217090065035
2019-09-18,12.479931232858851
2019-09-19,15.37398601477591
2019-09-20,1.9635792929603129
2019-09-21,0.8901587948420305
2019-09-22,9.269422488422853
2019-09-23,9.27190440901862
2019-09-24,8.008077555469104
2019-09-25,3.3413457204709944
2019-09-26,8.979341499268488
2019-09-27,29.584753920142226
2019-09-28,29.92653805590927
2019-09-29,22.10565372254515
2019-09-30,6.760926847576921
2019-10-01,0.9362045288433486
2019-10-02,7.891875589814895
2019-10-03,6.905092076357704
2019-10-04,2.2752231420737314
2019-10-05,0.7474741723290685
2019-10-06,0.0
2019-10-07,0.02509479259436749
2019-10-08,0.004054562604114543
2019-10-09,0.013748025581370985
2019-10-10,0.0030469760602834274
2019-10-11,0.0
2019-10-12,0.013544263888378533
2019-10-13,0.0
2019-10-14,0.0
2019-10-15,0.0
2019-10-16,0.0
2019-10-17,0.0
2019-10-18,0.0
2019-10-19,0.0042117399655000115
2019-10-20,0.6979828298352551
2019-10-21,0.03636122377638219
2019-10-22,0.0
2019-10-23,0.0
2019-10-24,0.0
2019-10-25,0.0
2019-10-26,0.0008712166773682086
2019-10-27,0.0
2019-10-28,0.0
2019-10-29,0.0
2019-10-30,0.0
2019-10-31,0.0
2019-11-01,0.0
2019-11-02,0.0
2019-11-03,0.0003041304626200707
2019-11-04,0.0
2019-11-05,0.0
2019-11-06,0.0
2019-11-07,0.0
2019-11-08,0.016993988750627367
2019-11-09,0.0
2019-11-10,0.0
2019-11-11,0.0
2019-11-12,0.0
2019-11-13,0.0
2019-11-14,0.0
2019-11-15,0.0
2019-11-16,0.0
2019-11-17,0.0
2019-11-18,0.0
2019-11-19,0.0
2019-11-20,0.0
2019-11-21,0.0
2019-11-22,0.0
2019-11-23,0.0
2019-11-24,0.0
2019-11-25,0.0
2019-11-26,0.002169209388532722
2019-11-27,0.004452699170863316
2019-11-28,0.6585616910335969
2019-11-29,3.7244043456222156
2019-11-30,0.0093805862715571
2019-12-01,0.0
2019-12-02,0.0018407989608303103
2019-12-03,0.0
2019-12-04,0.0
2019-12-05,0.0
2019-12-06,0.0
2019-12-07,0.0
2019-12-08,0.0
2019-12-09,0.0
2019-12-10,0.0
2019-12-11,0.0
2019-12-12,0.0005954087388758757
2019-12-13,12.920981648885821
2019-12-14,12.671378048533253
2019-12-15,0.17738120475072555
2019-12-16,0.03461274802250348
2019-12-17,0.0
2019-12-18,0.0
2019-12-19,0.0
2019-12-20,0.0
2019-12-21,0.0
2019-12-22,0.0
2019-12-23,0.0
2019-12-24,0.021335963279269527
2019-12-25,0.06072289516209861
2019-12-26,0.00040554040201203816
2019-12-27,0.0
2019-12-28,0.0
2019-12-29,0.0
2019-12-30,0.0
2019-12-31,0.0
2020-01-01,0.020174871206978667
2020-01-02,0.032133050892860476
2020-01-03,2.1620275692541813
2020-01-04,0.7817629874621467
2020-01-05,0.04304568569444706
2020-01-06,0.0
2020-01-07,0.18077919241203858
2020-01-08,0.7759895050360579
2020-01-09,6.558527656594623
2020-01-10,0.0
2020-01-11,0.0
2020-01-12,0.0
2020-01-13,0.0
2020-01-14,0.4110506660041587
2020-01-15,0.518029629228414
2020-01-16,4.744926845910077
2020-01-17,11.009085518994937
2020-01-18,1.508775090923636
2020-01-19,0.013135505074488525
2020-01-20,0.0
2020-01-21,0.0005639178064752251
2020-01-22,0.0005505030686931777
2020-01-23,0.0
2020-01-24,0.0
2020-01-25,0.0
2020-01-26,0.0
2020-01-27,0.0
2020-01-28,0.30908069972481045
2020-01-29,2.1160328821781427
2020-01-30,0.8113063092916422
2020-01-31,0.0
2020-02-01,0.0
2020-02-02,0.0
2020-02-03,0.0
2020-02-04,0.0
2020-02-05,0.002521165692771489
2020-02-06,0.0
2020-02-07,0.0
2020-02-08,0.0011129868447606836
2020-02-09,0.0
2020-02-10,0.0
2020-02-11,0.0
2020-02-12,0.0
2020-02-13,0.0
2020-02-14,0.0
2020-02-15,0.0
2020-02-16,0.0
2020-02-17,0.0
2020-02-18,0.0
2020-02-19,0.0
2020-02-20,0.007104124515466718
2020-02-21,3.226982790987624
2020-02-22,2.8062696910677776
2020-02-23,0.13198223119226907
2020-02-24,0.3226672861040855
2020-02-25,4.916248803062272
2020-02-26,1.6677394894225952
2020-02-27,0.11156124502159764
2020-02-28,0.0
2020-02-29,0.0
2020-03-01,2.6852443557525865
2020-03-02,0.020089238360741394
2020-03-03,0.009962640072791986
2020-03-04,0.05952858933554447
2020-03-05,1.6908651745006573
2020-03-06,5.404927339133299
2020-03-07,12.287020831170652
2020-03-08,1.068852401835404
2020-03-09,0.0
2020-03-10,0.020939883746141596
2020-03-11,0.15069833695454082
2020-03-12,2.219409280567927
2020-03-13,5.984072702401929
2020-03-14,6.7426699877610705
2020-03-15,1.314832053839639
2020-03-16,0.5152442439652045
2020-03-17,0.0
2020-03-18,0.0
2020-03-19,0.0006353151346434658
2020-03-20,0.0
2020-03-21,0.27435205961542297
2020-03-22,0.28650096493281707
2020-03-23,0.4116903638831033
2020-03-24,0.0
2020-03-25,0.05642636265855489
2020-03-26,0.0019653058086817883
2020-03-27,0.12127963290617695
2020-03-28,0.7838232760526695
2020-03-29,0.0
2020-03-30,0.0
2020-03-31,0.0
2020-04-01,0.0026428132771403033
2020-04-02,0.0
2020-04-03,0.0
2020-04-04,0.0
2020-04-05,0.0
2020-04-06,0.0
2020-04-07,0.0
2020-04-08,0.012632140656254382
2020-04-09,0.0
2020-04-10,0.0
2020-04-11,0.006641659635844106
2020-04-12,0.0
2020-04-13,0.0
2020-04-14,0.0
2020-04-15,0.09269642321604682
2020-04-16,0.004867006321342624
2020-04-17,0.0
2020-04-18,0.3112110377400679
2020-04-19,0.21905993398702528
2020-04-20,0.28441363577418705
2020-04-21,1.4494163126361614
2020-04-22,0.24588897146566963
2020-04-23,0.012572042687467514
2020-04-24,0.2481483635940635
2020-04-25,0.05844541085183447
2020-04-26,1.407597059237366
2020-04-27,10.24191740405021
2020-04-28,0.591365957333986
2020-04-29,1.0166682538199008
2020-04-30,0.003069883272182142
2020-05-01,4.967308604552169
2020-05-02,1.340219019344701
2020-05-03,0.028913198902377583
2020-05-04,1.8519017721143478
2020-05-05,4.429652474038629
2020-05-06,4.803228262496933
2020-05-07,2.702456487315563
2020-05-08,0.6659589499539259
2020-05-09,0.0
2020-05-10,0.15054965725184877
2020-05-11,7.348324989199464
2020-05-12,0.7816731224689122
2020-05-13,0.04149663639485662
2020-05-14,0.30759667852790296
2020-05-15,0.02966071691353189
2020-05-16,0.07984673796607177
2020-05-17,0.0
2020-05-18,0.009783976323055457
2020-05-19,0.02700633266750647
2020-05-20,0.03362283936047346
2020-05-21,0.045863304211168875
2020-05-22,0.0
2020-05-23,0.0
2020-05-24,0.0
2020-05-25,0.0
2020-05-26,0.0
2020-05-27,0.008063096781166233
2020-05-28,0.5928275968781713
2020-05-29,1.397692078729934
2020-05-30,2.7941153977641906
2020-05-31,5.6060596248759476
2020-06-01,2.141323299801558
2020-06-02,1.81856363045144
2020-06-03,0.23663004138031785
2020-06-04,0.7282137241507758
2020-06-05,12.318112219062039
2020-06-06,4.938700981242664
2020-06-07,0.38252458080605933
2020-06-08,0.710858817698309
2020-06-09,0.22597978670291233
2020-06-10,0.28982834478856523
2020-06-11,0.38419317106550704
2020-06-12,0.7620612800599187
2020-06-13,1.0110872601194214
2020-06-14,1.0202121444850205
2020-06-15,3.133177189324757
2020-06-16,6.397189180505172
2020-06-17,9.314864023629326
2020-06-18,4.668848993587946
2020-06-19,6.1823193910083685
2020-06-20,8.712386726681414
2020-06-21,14.093723869445373
2020-06-22,5.348988347602655
2020-06-23,6.492675631956004
2020-06-24,6.122102646673039
2020-06-25,7.509566579958961
2020-06-26,12.755390199775599
2020-06-27,5.212267555252978
2020-06-28,11.000322681430825
2020-06-29,12.771195348319612
2020-06-30,3.2569137246676507
2020-07-01,2.2653351668539963
2020-07-02,1.802486109989899
2020-07-03,3.2637653201166814
2020-07-04,5.153010322861699
2020-07-05,8.63232926142459
2020-07-06,10.239398864850012
2020-07-07,27.664746326885837
2020-07-08,14.258272619011104
2020-07-09,7.293199881237902
2020-07-10,13.251000991628747
2020-07-11,17.635730347702
2020-07-12,5.609854731763069
2020-07-13,2.2886038541185614
2020-07-14,7.873329349904818
2020-07-15,3.2932965168973793
2020-07-16,2.6975330665881363
2020-07-17,0.8028835646438877
2020-07-18,2.2052802700690557
2020-07-19,7.0165212284719285
2020-07-20,12.431762054258463
2020-07-21,17.21486063781615
2020-07-22,12.628389588250363
2020-07-23,6.252595593604332
2020-07-24,3.9757225441341846
2020-07-25,4.5409489636127525
2020-07-26,4.173327775025855
2020-07-27,1.0763028650476703
2020-07-28,6.0228038977169085
2020-07-29,20.501074337077384
2020-07-30,10.668223256967506
2020-07-31,7.971144255066057
2020-08-01,8.607761528636207
2020-08-02,6.462776598642762
2020-08-03,3.335640070628668
2020-08-04,4.72200114034529
2020-08-05,5.211783815294765
2020-08-06,4.909436087197361
2020-08-07,3.9073993960292275
2020-08-08,1.2452501195860326
2020-08-09,4.669816598122391
2020-08-10,7.425352038734161
2020-08-11,4.300219507980277
2020-08-12,19.170686385765368
2020-08-13,26.53367808469878
2020-08-14,12.986523518670056
2020-08-15,4.226962626219317
2020-08-16,7.397804154034259
2020-08-17,3.16002378243486
2020-08-18,2.591829609853533
2020-08-19,16.288093104828203
2020-08-20,9.629695709284297
2020-08-21,6.052290986821533
2020-08-22,3.797039468612511
2020-08-23,7.4013698745747005
2020-08-24,5.628364414519715
2020-08-25,1.7448526340219093
2020-08-26,0.5296450814682958
2020-08-27,9.407403593529938
2020-08-28,4.101193458993129
2020-08-29,6.08617677815454
2020-08-30,1.805396530201588
2020-08-31,0.17236584605263552
2020-09-01,0.01000388605254037
2020-09-02,1.6081832839127184
2020-09-03,4.240261030201488
2020-09-04,0.38712170702722953
2020-09-05,0.99887727537673
2020-09-06,1.5961807646270048
2020-09-07,1.767401569026031
2020-09-08,1.1925684136091446
2020-09-09,2.109955751100886
2020-09-10,3.4059274074330967
2020-09-11,1.5149421134295686
2020-09-12,0.4679385653911457
2020-09-13,1.4866591295330587
2020-09-14,1.5543957317014476
2020-09-15,2.626698092429874
2020-09-16,1.372557867394418
2020-09-17,1.8153574230154819
2020-09-18,2.0875354570610876
2020-09-19,1.016980291889986
2020-09-20,0.3304764830857602
2020-09-21,0.18969362937239795
2020-09-22,3.488494732115776
2020-09-23,9.657334304064426
2020-09-24,29.496260428502502
2020-09-25,19.12006723081405
2020-09-26,0.718794080067654
2020-09-27,0.09290797734747128
2020-09-28,0.3774077333401313
2020-09-29,0.009406250002780392
2020-09-30,0.0
2020-10-01,0.0
2020-10-02,0.0
2020-10-03,0.24645841960135423
2020-10-04,0.4064021814972944
2020-10-05,0.3632468150673385
2020-10-06,0.06944129023016715
2020-10-07,0.0
2020-10-08,0.002128435293370016
2020-10-09,0.004749630352498491
2020-10-10,0.0
2020-10-11,0.0
2020-10-12,0.0
2020-10-13,0.0
2020-10-14,0.0
2020-10-15,0.0
2020-10-16,0.0
2020-10-17,0.0
2020-10-18,0.0
2020-10-19,0.0
2020-10-20,0.0
2020-10-21,0.0
2020-10-22,0.02251562324105477
2020-10-23,0.008185085549994043
2020-10-24,0.14730719348779572
2020-10-25,0.0
2020-10-26,0.0
2020-10-27,0.0
2020-10-28,0.0
2020-10-29,0.0
2020-10-30,0.0
2020-10-31,0.0
2020-11-01,0.0
2020-11-02,0.0
2020-11-03,0.0
2020-11-04,0.0
2020-11-05,0.0
2020-11-06,0.0
2020-11-07,0.0
2020-11-08,0.0
2020-11-09,0.0
2020-11-10,0.0
2020-11-11,0.0
2020-11-12,0.0
2020-11-13,0.0
2020-11-14,0.0
2020-11-15,0.0
2020-11-16,4.674106393498165
2020-11-17,0.15969682452282474
2020-11-18,0.03022063747265596
2020-11-19,0.33354422052556504
2020-11-20,0.6982905606660481
2020-11-21,0.0
2020-11-22,0.0
2020-11-23,0.0
2020-11-24,0.0
2020-11-25,0.0
2020-11-26,0.013472261651264335
2020-11-27,0.002895962522954357
2020-11-28,0.0024327374234491463
2020-11-29,0.0
2020-11-30,0.0
2020-12-01,0.0
2020-12-02,0.0
2020-12-03,0.0
2020-12-04,0.0
2020-12-05,0.0
2020-12-06,0.0
2020-12-07,0.0
2020-12-08,0.0
2020-12-09,0.0
2020-12-10,0.0
2020-12-11,0.0
2020-12-12,0.2516810980465252
2020-12-13,0.13473683465326491
2020-12-14,0.0
2020-12-15,0.014844006030622098
2020-12-16,0.778612465991397
2020-12-17,0.003991444369794328
2020-12-18,0.0
2020-12-19,0.0
2020-12-20,0.0
2020-12-21,0.0
2020-12-22,0.0
2020-12-23,0.0
2020-12-24,0.0
2020-12-25,0.0
2020-12-26,0.0
2020-12-27,0.0
2020-12-28,0.019364268717195827
2020-12-29,0.0
2020-12-30,0.0
2020-12-31,0.0
2021-01-01,0.0
2021-01-02,0.0
2021-01-03,0.8266563443982914
2021-01-04,2.6838624605979584
2021-01-05,0.22469702512894704
2021-01-06,0.8390744265288376
2021-01-07,0.5265689111225111
2021-01-08,0.0
2021-01-09,0.16999276792603402
2021-01-10,0.0006538805478515848
2021-01-11,0.0
2021-01-12,0.0
2021-01-13,0.0
2021-01-14,0.0
2021-01-15,0.0
2021-01-16,0.0
2021-01-17,0.0
2021-01-18,0.0
2021-01-19,0.0
2021-01-20,0.0
2021-01-21,0.0
2021-01-22,0.0
2021-01-23,0.0
2021-01-24,0.0
2021-01-25,0.0
2021-01-26,0.0
2021-01-27,0.0
2021-01-28,0.0
2021-01-29,0.010755309731897738
2021-01-30,0.0
2021-01-31,0.0
2021-02-01,0.0
2021-02-02,0.0
2021-02-03,0.000307487807190453
2021-02-04,0.0038869359229118414
2021-02-05,1.5880231847959427
2021-02-06,0.2726524181816043
2021-02-07,0.009850445537455923
2021-02-08,0.0
2021-02-09,0.0
2021-02-10,0.0
2021-02-11,0.0
2021-02-12,0.0
2021-02-13,0.0
2021-02-14,0.0
2021-02-15,0.0
2021-02-16,0.0013774528274035662
2021-02-17,0.21413912634981616
2021-02-18,0.08242815854598065
2021-02-19,0.01975575984393195
2021-02-20,0.0
2021-02-21,0.0
2021-02-22,0.0
2021-02-23,0.0
2021-02-24,0.0
2021-02-25,0.0
2021-02-26,0.0
2021-02-27,0.015225204147680855
2021-02-28,0.001495218311732434
2021-03-01,0.0
2021-03-02,0.0
2021-03-03,0.0
2021-03-04,0.0
2021-03-05,0.0
2021-03-06,0.0
2021-03-07,0.0
2021-03-08,0.02689931691561774
2021-03-09,0.0
2021-03-10,0.0111232873693152
2021-03-11,0.03165431759447815
2021-03-12,0.0
2021-03-13,0.386440797293499
2021-03-14,0.0
2021-03-15,0.0
2021-03-16,0.0
2021-03-17,0.0
2021-03-18,0.0
2021-03-19,0.007806615344636989
2021-03-20,0.004206627672511009
2021-03-21,0.0
2021-03-22,0.0
2021-03-23,0.00965637733220359
2021-03-24,0.1054403168684192
2021-03-25,0.0
2021-03-26,0.0
2021-03-27,0.0
2021-03-28,0.0
2021-03-29,0.0
2021-03-30,0.0
2021-03-31,0.0
2021-04-01,0.0
2021-04-02,0.0
2021-04-03,0.0
2021-04-04,0.0
2021-04-05,0.0
2021-04-06,0.0
2021-04-07,0.00882853674037116
2021-04-08,0.0034287114011302983
2021-04-09,0.0774100870328464
2021-04-10,0.053492532440246716
2021-04-11,0.0
2021-04-12,0.0060071408227303285
2021-04-13,0.0
2021-04-14,0.0
2021-04-15,0.0
2021-04-16,0.0
2021-04-17,0.04369416459308769
2021-04-18,0.12540052388048034
2021-04-19,0.0015914158640380504
2021-04-20,0.0
2021-04-21,0.010914175811905208
2021-04-22,2.8936850514599604
2021-04-23,0.02263744414374015
2021-04-24,0.11554053091273016
2021-04-25,0.009060225924667048
2021-04-26,0.0
2021-04-27,0.0
2021-04-28,0.0
2021-04-29,0.0
2021-04-30,0.08718537693468545
2021-05-01,0.015230769774830377
2021-05-02,0.09252548382859188
2021-05-03,0.29332334728525955
2021-05-04,0.16479991241724776
2021-05-05,0.3182388239325657
2021-05-06,0.054867702044828985
2021-05-07,3.003052985659494
2021-05-08,0.2533688700320769
2021-05-09,0.6341513106409384
2021-05-10,2.3693906617494784
2021-05-11,0.2899271317760381
2021-05-12,1.001836380006273
2021-05-13,8.24666074837175
2021-05-14,0.163946243030163
2021-05-15,0.3082474747743273
2021-05-16,0.03257758272458791
2021-05-17,0.09620478175819441
2021-05-18,1.2503696964407454
2021-05-19,5.484759443290206
2021-05-20,31.254425785805672
2021-05-21,17.49425499810248
2021-05-22,0.7368793438891975
2021-05-23,0.0
2021-05-24,0.001914189612552654
2021-05-25,0.0
2021-05-26,0.0
2021-05-27,1.6330701830435772
2021-05-28,13.119959331983727
2021-05-29,12.611363492363049
2021-05-30,3.664296639187169
2021-05-31,0.20896932984493216
2021-06-01,4.489559513030699
2021-06-02,5.884896591566394
2021-06-03,0.16171101995529308
2021-06-04,0.48282822671159015
2021-06-05,0.24184998383327405
2021-06-06,0.137519323139427
2021-06-07,0.04336136536069931
2021-06-08,0.8416942435781045
2021-06-09,2.6782174411259656
2021-06-10,4.802007578856396
2021-06-11,7.305599972214713
2021-06-12,6.234644226773313
2021-06-13,8.617918802224338
2021-06-14,15.241294598744492
2021-06-15,24.53984809725521
2021-06-16,12.800884517436472
2021-06-17,6.50107584804644
2021-06-18,12.538987389371972
2021-06-19,14.791996237401017
2021-06-20,14.661301027451243
2021-06-21,3.2216926085444997
2021-06-22,1.1861350285893975
2021-06-23,1.6385324032157225
2021-06-24,6.179140939265924
2021-06-25,7.333102597917482
2021-06-26,4.437551387501528
2021-06-27,3.0265479491638025
2021-06-28,1.8431037498676046
2021-06-29,1.2242506008714698
2021-06-30,0.7872549226784498
2021-07-01,0.2359658428427082
2021-07-02,0.7568244225516612
2021-07-03,3.55170910147293
2021-07-04,1.3269638691108359
2021-07-05,1.6126819861395714
2021-07-06,0.8208337996600321
2021-07-07,1.236074941694389
2021-07-08,2.4229454269127664
2021-07-09,5.65941535379553
2021-07-10,1.37124478780059
2021-07-11,1.330059396108455
2021-07-12,5.313437481294047
2021-07-13,1.7561608862251303
2021-07-14,2.496546503210728
2021-07-15,2.841908784740694
2021-07-16,0.16460336097475392
2021-07-17,3.017466792820494
2021-07-18,16.41247458947122
2021-07-19,25.07282940574186
2021-07-20,21.12333164596523
2021-07-21,22.42890294243747
2021-07-22,16.499104683605122
2021-07-23,5.941734704197148
2021-07-24,4.819704409199971
2021-07-25,2.6179506582569103
2021-07-26,0.9075896348098277
2021-07-27,3.5046338913826482
2021-07-28,30.38220473237705
2021-07-29,16.684151134624774
2021-07-30,18.87975465130528
2021-07-31,11.686175406326706
2021-08-01,15.59764616056712
2021-08-02,14.416112500750636
2021-08-03,4.2576290399878784
2021-08-04,0.5978397822154159
2021-08-05,1.599657842634197
2021-08-06,1.692639827120061
2021-08-07,4.896361010632432
2021-08-08,4.044822525265613
2021-08-09,10.47245196153141
2021-08-10,17.931743646806254
2021-08-11,13.015613028328898
2021-08-12,12.928053979449647
2021-08-13,9.935749970463378
2021-08-14,11.06395340033158
2021-08-15,1.3520380795957743
2021-08-16,2.74403731557527
2021-08-17,1.8245283992792705
2021-08-18,2.12790126134112
2021-08-19,4.690347866201366
2021-08-20,12.956596621792796
2021-08-21,19.282033592896976
2021-08-22,6.8055797000103375
2021-08-23,4.803125439075965
2021-08-24,8.710139022059412
2021-08-25,11.42382727463461
2021-08-26,10.36433296420397
2021-08-27,3.1652072598131333
2021-08-28,2.4932996944331567
2021-08-29,4.966286758074955
2021-08-30,6.542658314565006
2021-08-31,6.457591387646886
2021-09-01,2.186470317944841
2021-09-02,3.9886276533843477
2021-09-03,4.52239388386032
2021-09-04,7.755319508797226
2021-09-05,3.4657125038369054
2021-09-06,0.9563275208756458
2021-09-07,3.098346160751911
2021-09-08,0.758770157031867
2021-09-09,1.5283712553126472
2021-09-10,5.330821577926593
2021-09-11,5.171830684533099
2021-09-12,5.071407764433251
2021-09-13,1.6656622620348334
2021-09-14,4.270265930704229
2021-09-15,5.713217358395414
2021-09-16,29.98937583921081
2021-09-17,41.16523065346323
2021-09-18,5.718554729536045
2021-09-19,0.1875311589145452
2021-09-20,0.3067289318878519
2021-09-21,3.502874925689169
2021-09-22,2.8351855710061926
2021-09-23,5.531761145952318
2021-09-24,10.518381402852237
2021-09-25,9.426455594990239
2021-09-26,4.975570198267959
2021-09-27,0.8182313964422521
2021-09-28,0.9737633280781893
2021-09-29,0.1775981379624011
2021-09-30,0.41290654261588355
2021-10-01,3.2162952945939653
2021-10-02,10.918995719848326
2021-10-03,7.934817292447861
2021-10-04,6.205943267890212
2021-10-05,3.385141200187776
2021-10-06,1.6621129869024538
2021-10-07,0.8923021401156489
2021-10-08,0.032769174382915996
2021-10-09,0.0
2021-10-10,0.0
2021-10-11,0.0
2021-10-12,0.0
2021-10-13,0.0
2021-10-14,0.0
2021-10-15,0.0
2021-10-16,0.0
2021-10-17,0.5813859476770326
2021-10-18,21.8905533799364
2021-10-19,33.83280414764283
2021-10-20,9.55932702269655
2021-10-21,0.02637852554592377
2021-10-22,0.0
2021-10-23,0.0
2021-10-24,0.0
2021-10-25,1.2019507079100122
2021-10-26,0.043576544123557846
2021-10-27,0.0
2021-10-28,0.0
2021-10-29,0.0
2021-10-30,0.0
2021-10-31,0.0
2021-11-01,0.0
2021-11-02,0.0
2021-11-03,0.0
2021-11-04,0.0
2021-11-05,0.0
2021-11-06,0.0
2021-11-07,0.0
2021-11-08,0.0
2021-11-09,0.0
2021-11-10,0.0
2021-11-11,0.0
2021-11-12,0.0
2021-11-13,0.0
2021-11-14,0.0
2021-11-15,0.0
2021-11-16,0.0
2021-11-17,0.0
2021-11-18,0.0
2021-11-19,0.0
2021-11-20,0.10854564854772028
2021-11-21,0.005831826706321872
2021-11-22,0.0
2021-11-23,0.0
2021-11-24,0.0
2021-11-25,0.0
2021-11-26,0.0
2021-11-27,0.0
2021-11-28,0.0
2021-11-29,0.0
2021-11-30,0.0
2021-12-01,0.0
2021-12-02,0.0
2021-12-03,0.04697026977038592
2021-12-04,0.004237084625066195
2021-12-05,0.0
2021-12-06,0.06206846975724134
2021-12-07,0.0062486716592277105
2021-12-08,0.0
2021-12-09,0.0
2021-12-10,0.0
2021-12-11,0.0
2021-12-12,0.0
2021-12-13,0.0
2021-12-14,0.0
2021-12-15,0.0
2021-12-16,0.0
2021-12-17,0.0
2021-12-18,0.0
2021-12-19,0.0
2021-12-20,0.0
2021-12-21,0.0
2021-12-22,0.0
2021-12-23,0.0
2021-12-24,0.0
2021-12-25,0.0
2021-12-26,0.0
2021-12-27,0.04759943728544274
2021-12-28,0.03792718291803977
2021-12-29,4.042733113050635
2021-12-30,1.1974890673473346
2021-12-31,0.0
2022-01-01,0.0
2022-01-02,0.0
2022-01-03,0.0
2022-01-04,0.0
2022-01-05,0.005340710673318313
2022-01-06,3.4809223230352555
2022-01-07,6.196545124814218
2022-01-08,5.262866544024068
2022-01-09,9.515238825372982
2022-01-10,6.509232706387606
2022-01-11,0.20826392948801245
2022-01-12,0.28355213039644256
2022-01-13,0.5071975709789001
2022-01-14,0.0
2022-01-15,0.0
2022-01-16,0.0
2022-01-17,0.0
2022-01-18,0.0
2022-01-19,0.0
2022-01-20,0.16592531966224705
2022-01-21,0.06536104199924553
2022-01-22,0.6157143593008247
2022-01-23,3.5426727929763473
2022-01-24,6.0077581474715
2022-01-25,0.6740615071169489
2022-01-26,0.008760760893974638
2022-01-27,0.01131443110221329
2022-01-28,0.0
2022-01-29,0.0
2022-01-30,0.0
2022-01-31,0.0
2022-02-01,0.0
2022-02-02,0.0
2022-02-03,0.5667862913438252
2022-02-04,7.68937122487292
2022-02-05,3.052246801620322
2022-02-06,0.0
2022-02-07,0.0
2022-02-08,0.0
2022-02-09,1.7882194457135812
2022-02-10,2.6729589885117013
2022-02-11,0.0
2022-02-12,0.0
2022-02-13,0.0
2022-02-14,0.0
2022-02-15,0.0
2022-02-16,0.0
2022-02-17,0.0
2022-02-18,0.0
2022-02-19,0.0038433278267307113
2022-02-20,0.0
2022-02-21,0.005485938172298688
2022-02-22,0.0
2022-02-23,0.008278075442717305
2022-02-24,0.00032833216402342996
2022-02-25,0.07708689831088653
2022-02-26,1.3572736862970858
2022-02-27,0.3589625186110377
2022-02-28,0.0012342235611062008
2022-03-01,0.0
2022-03-02,0.0
2022-03-03,0.00757766986379818
2022-03-04,0.0
2022-03-05,0.0
2022-03-06,0.0
2022-03-07,0.0
2022-03-08,0.0
2022-03-09,0.0
2022-03-10,0.016450981313563644
2022-03-11,0.0
2022-03-12,0.0
2022-03-13,0.0
2022-03-14,0.0
2022-03-15,0.0
2022-03-16,0.0
2022-03-17,0.0
2022-03-18,0.0
2022-03-19,0.0
2022-03-20,0.0
2022-03-21,0.0
2022-03-22,0.0
2022-03-23,0.0
2022-03-24,0.0
2022-03-25,0.0
2022-03-26,0.0
2022-03-27,0.0
2022-03-28,0.0
2022-03-29,0.0
2022-03-30,0.0
2022-03-31,0.0
2022-04-01,0.0
2022-04-02,0.0
2022-04-03,0.0
2022-04-04,0.0
2022-04-05,0.0
2022-04-06,0.0
2022-04-07,0.0
2022-04-08,0.0
2022-04-09,0.0
2022-04-10,0.0
2022-04-11,0.07853450497976197
2022-04-12,0.0
2022-04-13,0.0
2022-04-14,0.012019358640509514
2022-04-15,0.0015588190743248942
2022-04-16,0.0
2022-04-17,0.0007069093927350058
2022-04-18,0.0
2022-04-19,0.0
2022-04-20,0.024140208351368805
2022-04-21,0.000926361487141156
2022-04-22,0.0
2022-04-23,0.024338978893902838
2022-04-24,0.0
2022-04-25,0.0
2022-04-26,0.0
2022-04-27,0.0
2022-04-28,0.0
2022-04-29,0.0
2022-04-30,0.08201095401024332
2022-05-01,0.0
2022-05-02,0.014980951220926669
2022-05-03,0.009267342073229242
2022-05-04,0.0
2022-05-05,4.595079663326372
2022-05-06,0.024516719683961342
2022-05-07,0.027688954123255116
2022-05-08,0.622487247316031
2022-05-09,0.3420717479014883
2022-05-10,0.0033114812942357523
2022-05-11,0.5408495280772186
2022-05-12,0.1864851076948747
2022-05-13,0.10787812025223807
2022-05-14,0.22861061812142242
2022-05-15,0.010024668176389645
2022-05-16,0.0
2022-05-17,0.22362950400777878
2022-05-18,0.006369574858912921
2022-05-19,0.14808393819339075
2022-05-20,0.06953632527468157
2022-05-21,0.17418263172703652
2022-05-22,2.5140180612531418
2022-05-23,2.477992671702068
2022-05-24,11.599636713265504
2022-05-25,1.084693746733596
2022-05-26,0.5119198117155376
2022-05-27,0.05625108922709529
2022-05-28,0.650606103198
2022-05-29,1.7112164514970154
2022-05-30,0.34150437332972144
2022-05-31,0.028842158811085424
2022-06-01,0.05600024998709342
2022-06-02,0.4228769585099234
2022-06-03,0.0
2022-06-04,0.0
2022-06-05,0.0
2022-06-06,0.002864191031664523
2022-06-07,0.0
2022-06-08,0.0
2022-06-09,0.04720666270388111
2022-06-10,0.018623837468054134
2022-06-11,0.06475692522595297
2022-06-12,0.21454644620244775
2022-06-13,0.002927988593849427
2022-06-14,0.024215443706025883
2022-06-15,0.0011766561613833592
2022-06-16,1.0900614873747785
2022-06-17,1.6137360381749906
2022-06-18,1.6495857352591812
2022-06-19,2.1355927914989237
2022-06-20,2.7052194758728363
2022-06-21,1.578307679525791
2022-06-22,1.4214480222357606
2022-06-23,0.6295022826761268
2022-06-24,2.7709427491568963
2022-06-25,1.5099995298088467
2022-06-26,0.15586600148556184
2022-06-27,0.3059764307633086
2022-06-28,1.594458574651803
2022-06-29,7.711822537004774
2022-06-30,22.586812739426122
2022-07-01,9.200845064513885
2022-07-02,2.5395385748964703
2022-07-03,6.679230716285831
2022-07-04,2.4399352602161053
2022-07-05,0.9334974867174993
2022-07-06,0.2835756832674015
2022-07-07,0.7128225254117574
2022-07-08,0.450171166232654
2022-07-09,3.790131981905452
2022-07-10,3.684896583785642
2022-07-11,1.088619862197092
2022-07-12,1.6074939739208876
2022-07-13,1.7456906975271402
2022-07-14,0.1964474583028357
2022-07-15,0.9151617724980626
2022-07-16,1.2756134978014944
2022-07-17,4.62480806124888
2022-07-18,0.8007792197928136
2022-07-19,0.2827768309297089
2022-07-20,1.8338299578506467
2022-07-21,23.557226323829447
2022-07-22,11.492129052584616
2022-07-23,9.441367487757095
2022-07-24,3.376735430308577
2022-07-25,6.943847635853221
2022-07-26,8.567019663186358
2022-07-27,8.031903505890085
2022-07-28,8.835311374363677
2022-07-29,9.222616037109503
2022-07-30,12.934946546054094
2022-07-31,11.666307692711971
2022-08-01,7.344521404572548
2022-08-02,6.3311545854494105
2022-08-03,6.725967156665492
2022-08-04,7.555312293481201
2022-08-05,9.666724196893133
2022-08-06,4.128261506731239
2022-08-07,11.155559674035704
2022-08-08,9.4713073933698
2022-08-09,1.3838325414383028
2022-08-10,0.11505930373341974
2022-08-11,0.9933674499696615
2022-08-12,2.627722759418863
2022-08-13,3.551851599061802
2022-08-14,8.569444254735815
2022-08-15,4.259855973846537
2022-08-16,3.8533708260288737
2022-08-17,0.883625822038588
2022-08-18,0.01839654766696535
2022-08-19,0.016409515335330464
2022-08-20,15.117168538728539
2022-08-21,9.765955392064923
2022-08-22,5.830444315931714
2022-08-23,1.2193994905050225
2022-08-24,8.18811357516589
2022-08-25,5.294735506111783
2022-08-26,4.787291803704059
2022-08-27,2.971645492441279
2022-08-28,5.89948279486627
2022-08-29,5.769987688967333
2022-08-30,4.7417425064712155
2022-08-31,1.6110204175853173
2022-09-01,3.274764304519047
2022-09-02,8.4742643883555
2022-09-03,2.450955703289794
2022-09-04,1.321230719001752
2022-09-05,2.1209743005106816
2022-09-06,0.3965168645925842
2022-09-07,1.5731818572164624
2022-09-08,0.6194419529365034
2022-09-09,1.6557240952946701
2022-09-10,1.8506416724913322
2022-09-11,0.8742002621727504
2022-09-12,0.9419314968603345
2022-09-13,6.42605710568303
2022-09-14,11.584162557937487
2022-09-15,27.88268010122783
2022-09-16,36.24663505416483
2022-09-17,19.54998313135986
2022-09-18,7.403105823122204
2022-09-19,0.8115400480589783
2022-09-20,4.319080800621746
2022-09-21,13.103691034757535
2022-09-22,20.76760060818046
2022-09-23,11.22971750806702
2022-09-24,12.965605921109285
2022-09-25,14.408016047177092
2022-09-26,7.277108453670326
2022-09-27,1.525541347247866
2022-09-28,0.18425792983513184
2022-09-29,0.18232731503752161
2022-09-30,0.08016193668974385
2022-10-01,0.1465197620430076
2022-10-02,0.4152369279381833
2022-10-03,0.07711869469536985
2022-10-04,1.319117209350055
2022-10-05,6.634898907089546
2022-10-06,34.37568950868122
2022-10-07,18.520225164146535
2022-10-08,17.529080387280914
2022-10-09,22.702845350863633
2022-10-10,37.63715787184134
2022-10-11,13.123979673354341
2022-10-12,5.526009574641118
2022-10-13,0.32953053682434313
2022-10-14,0.0
2022-10-15,0.0
2022-10-16,0.001078135483292727
2022-10-17,0.011186762558127979
2022-10-18,0.0
2022-10-19,0.006233116019919036
2022-10-20,0.0
2022-10-21,0.009953846584777442
2022-10-22,0.0
2022-10-23,0.0
2022-10-24,0.0
2022-10-25,0.0
2022-10-26,0.0
2022-10-27,0.0
2022-10-28,0.0
2022-10-29,0.0
2022-10-30,0.0
2022-10-31,0.0
2022-11-01,0.0
2022-11-02,0.0
2022-11-03,0.0
2022-11-04,0.0
2022-11-05,0.0
2022-11-06,0.0
2022-11-07,0.0
2022-11-08,0.0
2022-11-09,0.10758036905057924
2022-11-10,0.007614292747425268
2022-11-11,0.0
2022-11-12,0.0
2022-11-13,0.0
2022-11-14,0.0
2022-11-15,0.0020211080072920105
2022-11-16,0.0
2022-11-17,0.0
2022-11-18,0.0
2022-11-19,0.0
2022-11-20,0.0
2022-11-21,0.0
2022-11-22,0.0
2022-11-23,0.0
2022-11-24,0.0
2022-11-25,0.0
2022-11-26,0.0
2022-11-27,0.0
2022-11-28,0.0
2022-11-29,0.0
2022-11-30,0.0
2022-12-01,0.0
2022-12-02,0.0
2022-12-03,0.0
2022-12-04,0.0
2022-12-05,0.0
2022-12-06,0.0
2022-12-07,0.0
2022-12-08,0.0
2022-12-09,0.0
2022-12-10,0.0
2022-12-11,0.0
2022-12-12,0.0
2022-12-13,0.0
2022-12-14,0.0
2022-12-15,0.0
2022-12-16,0.0
2022-12-17,0.0
2022-12-18,0.0
2022-12-19,0.0
2022-12-20,0.0
2022-12-21,0.0
2022-12-22,0.0
2022-12-23,0.0
2022-12-24,0.0787099381099637
2022-12-25,0.016644863927677143
2022-12-26,0.0013920438011603175
2022-12-27,0.0
2022-12-28,0.0
2022-12-29,0.0
2022-12-30,0.0018929649720039034
2022-12-31,0.0
2023-01-01,0.0
2023-01-02,0.0
2023-01-03,0.0
2023-01-04,0.0
2023-01-05,0.0
2023-01-06,0.0
2023-01-07,0.0
2023-01-08,0.0
2023-01-09,0.0
2023-01-10,0.0
2023-01-11,0.0
2023-01-12,0.05642500545818674
2023-01-13,0.19385422389335258
2023-01-14,0.03357898655181897
2023-01-15,0.005462693055934183
2023-01-16,0.0
2023-01-17,0.0
2023-01-18,0.0
2023-01-19,0.0
2023-01-20,0.04208607624119294
2023-01-21,0.27554846985900977
2023-01-22,0.04456438423669286
2023-01-23,0.3610145006594913
2023-01-24,1.2321399009946745
2023-01-25,1.538436785421766
2023-01-26,1.9543665499314762
2023-01-27,0.056352600034424064
2023-01-28,0.051015958494069626
2023-01-29,0.0
2023-01-30,1.3091056919371595
2023-01-31,0.2595993196802165
2023-02-01,0.0
2023-02-02,0.0
2023-02-03,0.0
2023-02-04,0.0
2023-02-05,0.0
2023-02-06,0.0
2023-02-07,0.0
2023-02-08,0.0
2023-02-09,0.0
2023-02-10,0.0
2023-02-11,0.0001665072151766574
2023-02-12,0.00012488041952817154
2023-02-13,0.0
2023-02-14,0.0
2023-02-15,0.0
2023-02-16,0.0
2023-02-17,0.0
2023-02-18,0.0
2023-02-19,0.0
2023-02-20,0.0
2023-02-21,0.0
2023-02-22,0.0490523007625046
2023-02-23,0.0
2023-02-24,0.0
2023-02-25,0.0
2023-02-26,0.0
2023-02-27,0.0
2023-02-28,0.0
2023-03-01,0.0
2023-03-02,0.0
2023-03-03,0.0
2023-03-04,0.0
2023-03-05,0.0
2023-03-06,0.0
2023-03-07,0.002142827729789578
2023-03-08,0.012090699481791423
2023-03-09,0.11228983600572316
2023-03-10,0.01755588797108425
2023-03-11,0.0
2023-03-12,0.0
2023-03-13,0.0
2023-03-14,0.0
2023-03-15,0.02198341256414836
2023-03-16,0.0017483255258454525
2023-03-17,0.4050462897917875
2023-03-18,1.4950933170544918
2023-03-19,1.5396625024643957
2023-03-20,4.31005889128041
2023-03-21,7.397003408180653
2023-03-22,5.520887179012375
2023-03-23,0.0
2023-03-24,0.0
2023-03-25,1.8153346055771058
2023-03-26,0.035696678341477675
2023-03-27,0.26911109593580135
2023-03-28,0.0
2023-03-29,0.0
2023-03-30,0.0
2023-03-31,2.446154980077856
2023-04-01,7.26631988197261
2023-04-02,0.2616323543299782
2023-04-03,0.0
2023-04-04,0.3097736039049598
2023-04-05,0.004427374756023418
2023-04-06,0.0
2023-04-07,0.0
2023-04-08,0.0
2023-04-09,0.005695139440781174
2023-04-10,0.0
2023-04-11,0.0
2023-04-12,0.0
2023-04-13,0.0
2023-04-14,0.0
2023-04-15,0.0
2023-04-16,0.0
2023-04-17,0.0
2023-04-18,0.0
2023-04-19,0.004401119735428612
2023-04-20,0.08708403643991787
2023-04-21,0.3192374766980768
2023-04-22,0.4090038882134042
2023-04-23,0.028561546492021063
2023-04-24,0.6298959079421188
2023-04-25,1.6658530732991483
2023-04-26,0.012413297820586505
2023-04-27,0.14718406961323915
2023-04-28,0.17699113826514506
2023-04-29,0.16964659837696364
2023-04-30,0.8002659629042052
2023-05-01,4.604687857664931
2023-05-02,7.821276582211375
2023-05-03,2.2399390943337547
2023-05-04,7.950460723737043
2023-05-05,0.07548512610452081
2023-05-06,0.0032838429093534675
2023-05-07,0.013320964513992777
2023-05-08,0.22771760083343998
2023-05-09,0.012888664015875613
2023-05-10,0.002531827886320064
2023-05-11,0.0
2023-05-12,0.0
2023-05-13,0.027098428751219813
2023-05-14,0.0
2023-05-15,0.027790762086293004
2023-05-16,0.005709911596149466
2023-05-17,0.010305733574722668
2023-05-18,0.4547322710946137
2023-05-19,0.0
2023-05-20,0.0
2023-05-21,0.0
2023-05-22,0.00017761559641048442
2023-05-23,0.8335826258547061
2023-05-24,1.924820945815403
2023-05-25,1.3771426764385755
2023-05-26,5.472705402805229
2023-05-27,1.4122921921212346
2023-05-28,1.8571863236372785
2023-05-29,0.22225077386196085
2023-05-30,0.7219299958155384
2023-05-31,0.32089639305742595
2023-06-01,0.35270593572766373
2023-06-02,0.045309848714152855
2023-06-03,0.0
2023-06-04,0.0026745959605923896
2023-06-05,0.7199361226833684
2023-06-06,0.36483396106445753
2023-06-07,0.016487483527109506
2023-06-08,0.07406969581331525
2023-06-09,0.0
2023-06-10,0.0023057695034261433
2023-06-11,0.008425637015274592
2023-06-12,0.0
2023-06-13,0.00018872524837015668
2023-06-14,0.01102202355253453
2023-06-15,0.0
2023-06-16,0.008430604854158774
2023-06-17,0.027246259717656294
2023-06-18,0.765253579656732
2023-06-19,0.05175717978713811
2023-06-20,2.002264884563907
2023-06-21,10.279925220463365
2023-06-22,9.168962155501344
2023-06-23,2.673965637019561
2023-06-24,1.8613402168062834
2023-06-25,10.342620302893156
2023-06-26,9.309345867759045
2023-06-27,4.242816595425802
2023-06-28,3.136994119819102
2023-06-29,7.419905127034286
2023-06-30,16.299187501604635
2023-07-01,25.01085292739908
2023-07-02,15.514324378233088
2023-07-03,5.682576722560489
2023-07-04,6.995441701051401
2023-07-05,9.507534866805022
2023-07-06,9.229108437231902
2023-07-07,10.990327371637346
2023-07-08,11.300587955042285
2023-07-09,12.559311020175816
2023-07-10,9.904226509498503
2023-07-11,8.515095464325897
2023-07-12,13.465554866653326
2023-07-13,13.855990678077406
2023-07-14,10.238424763293889
2023-07-15,12.065048955163698
2023-07-16,8.544193990852714
2023-07-17,2.870621690813061
2023-07-18,3.6119877811543013
2023-07-19,1.235987977322962
2023-07-20,0.21731921262854476
2023-07-21,0.17035518330725524
2023-07-22,1.2854227772737383
2023-07-23,1.299183618692741
2023-07-24,0.3540939961671395
2023-07-25,5.657786379393147
2023-07-26,6.316324411405375
2023-07-27,3.4780796673732643
2023-07-28,2.3022591147039617
2023-07-29,7.620167048152471
2023-07-30,5.5402769821725855
2023-07-31,4.018865596975469
2023-08-01,3.7563326796462473
2023-08-02,7.062557603225774
2023-08-03,10.778739664202648
2023-08-04,18.012426111829512
2023-08-05,6.598563820651784
2023-08-06,10.663506909308863
2023-08-07,18.201040406676103
2023-08-08,1.8270876246773293
2023-08-09,4.756470887817215
2023-08-10,10.754664536511237
2023-08-11,5.5464310845626255
2023-08-12,2.1882291328889636
2023-08-13,2.606249584813681
2023-08-14,4.4841229127823174
2023-08-15,1.3323193848209114
2023-08-16,0.5852823778090906
2023-08-17,1.6630171772537878
2023-08-18,4.765253001453733
2023-08-19,3.8580878593907326
2023-08-20,1.5646134405546217
2023-08-21,0.21179486637929612
2023-08-22,8.29290770947439
2023-08-23,41.782809535546484
2023-08-24,23.710921237250634
2023-08-25,12.483145359117517
2023-08-26,5.110601950341797
2023-08-27,0.4636755095246321
2023-08-28,0.17071769911111617
2023-08-29,0.7229191917049055
2023-08-30,1.5370473718948108
2023-08-31,0.1963931726883695
2023-09-01,0.09111778052529163
2023-09-02,0.20451242342569564
2023-09-03,0.11141496418863969
2023-09-04,2.2396949994738917
2023-09-05,1.023143633179171
2023-09-06,3.460891233990648
2023-09-07,8.168184794029411
2023-09-08,7.539840818229389
2023-09-09,12.909743257230772
2023-09-10,16.6274150229404
2023-09-11,30.702255401097826
2023-09-12,12.200896561102338
2023-09-13,1.3156477628769923
2023-09-14,2.3394344608264137
2023-09-15,3.59320441099921
2023-09-16,1.65446123969266
2023-09-17,4.358591675052403
2023-09-18,4.3689933591495125
2023-09-19,0.4692801002456478
2023-09-20,2.37128681523872
2023-09-21,2.149706814318635
2023-09-22,3.3052645715445
2023-09-23,3.881260172827794
2023-09-24,2.077839553190542
2023-09-25,1.0744010321850246
2023-09-26,0.46330026581438133
2023-09-27,0.17559885220607585
2023-09-28,0.05681016732756668
2023-09-29,0.002652894151627844
2023-09-30,0.0011256444851702227
2023-10-01,1.406620022085965
2023-10-02,3.280179228150332
2023-10-03,8.147258678239393
2023-10-04,6.647852777218332
2023-10-05,2.783065162240677
2023-10-06,0.11243593855964633
2023-10-07,0.20793311157787855
2023-10-08,0.04073009320667812
2023-10-09,0.0
2023-10-10,0.0009032020144403503
2023-10-11,4.8342641475596856e-05
2023-10-12,0.0
2023-10-13,0.0
2023-10-14,0.0
2023-10-15,0.0
2023-10-16,0.0971075208863086
2023-10-17,6.195203372475531
2023-10-18,0.11725373573210253
2023-10-19,8.578137996940502e-05
2023-10-20,0.0
2023-10-21,0.0
2023-10-22,0.0
2023-10-23,0.0
2023-10-24,0.0
2023-10-25,0.0
2023-10-26,0.0
2023-10-27,0.0
2023-10-28,0.0
2023-10-29,0.0
2023-10-30,0.0
2023-10-31,0.0
2023-11-01,0.0
2023-11-02,0.0
2023-11-03,0.0
2023-11-04,0.0
2023-11-05,0.0
2023-11-06,0.0
2023-11-07,0.0
2023-11-08,0.0
2023-11-09,0.0
2023-11-10,0.06936328127198248
2023-11-11,0.6599687585015251
2023-11-12,0.003379109804314879
2023-11-13,0.0
2023-11-14,0.0
2023-11-15,0.0
2023-11-16,0.0
2023-11-17,0.0
2023-11-18,0.0
2023-11-19,0.0
2023-11-20,0.0
2023-11-21,0.0
2023-11-22,0.0
2023-11-23,0.0
2023-11-24,0.0
2023-11-25,0.0
2023-11-26,0.0
2023-11-27,0.0015003207212981955
2023-11-28,0.0860912819656356
2023-11-29,0.0329972235132932
2023-11-30,2.1142467265682563
2023-12-01,1.0502551385274825
2023-12-02,0.10468100428407463
2023-12-03,0.0
2023-12-04,0.9794060463118354
2023-12-05,2.038607048780356
2023-12-06,0.004103610958495386
2023-12-07,0.6148397179745387
2023-12-08,1.157509810858713
2023-12-09,0.0
2023-12-10,0.0
2023-12-11,0.0
2023-12-12,0.0
2023-12-13,0.0
2023-12-14,0.0
2023-12-15,0.0
2023-12-16,0.0
2023-12-17,0.0
2023-12-18,0.0
2023-12-19,0.0
2023-12-20,0.0
2023-12-21,0.0
2023-12-22,0.0
2023-12-23,0.0
2023-12-24,0.0
2023-12-25,0.0
2023-12-26,0.0
2023-12-27,0.0
2023-12-28,0.0
2023-12-29,0.0
2023-12-30,0.0
2023-12-31,0.0
