date,average_tmax
2017-01-01,20.204574823379517
2017-01-02,19.828283230463665
2017-01-03,20.726625283559162
2017-01-04,21.779980103174847
2017-01-05,23.03760592142741
2017-01-06,22.40659777323405
2017-01-07,19.95461030801137
2017-01-08,20.567113002141316
2017-01-09,21.155837694803875
2017-01-10,20.03663508097331
2017-01-11,19.094130913416546
2017-01-12,18.85992670059204
2017-01-13,19.13634467124939
2017-01-14,20.138521035512287
2017-01-15,22.16818372408549
2017-01-16,23.17716399828593
2017-01-17,20.185403784116108
2017-01-18,19.980735063552856
2017-01-19,21.830909331639607
2017-01-20,22.84917728106181
2017-01-21,22.53112594286601
2017-01-22,24.40180476506551
2017-01-23,26.004300038019817
2017-01-24,26.865323781967163
2017-01-25,26.878790775934856
2017-01-26,25.197848558425903
2017-01-27,20.361700534820557
2017-01-28,21.76650897661845
2017-01-29,22.36480752627055
2017-01-30,23.229734579722088
2017-01-31,24.2121164004008
2017-02-01,24.0400071144104
2017-02-02,23.8957355817159
2017-02-03,25.22838767369588
2017-02-04,25.055102984110516
2017-02-05,26.72039556503296
2017-02-06,25.70135513941447
2017-02-07,24.22524420420329
2017-02-08,25.358500639597576
2017-02-09,25.294578711191814
2017-02-10,23.817660172780354
2017-02-11,24.2144136428833
2017-02-12,25.116264581680298
2017-02-13,26.34238537152608
2017-02-14,26.830150842666626
2017-02-15,26.972594896952312
2017-02-16,27.793306748072307
2017-02-17,27.81775156656901
2017-02-18,29.824065446853638
2017-02-19,30.509298006693523
2017-02-20,31.592122157414753
2017-02-21,29.29847288131714
2017-02-22,28.265982309977215
2017-02-23,27.365658283233643
2017-02-24,27.01116410891215
2017-02-25,28.41288725535075
2017-02-26,28.730555216471355
2017-02-27,29.838682015736897
2017-02-28,31.66247884432475
2017-03-01,31.55917239189148
2017-03-02,29.99382980664571
2017-03-03,29.885570367177326
2017-03-04,28.988097588221233
2017-03-05,28.779887358347576
2017-03-06,29.521360238393147
2017-03-07,30.31500768661499
2017-03-08,29.124335686365765
2017-03-09,29.09885295232137
2017-03-10,24.017797708511353
2017-03-11,24.73102871576945
2017-03-12,25.234937349955242
2017-03-13,26.400542100270588
2017-03-14,27.44952384630839
2017-03-15,29.385287602742512
2017-03-16,31.44845525423686
2017-03-17,31.25533374150594
2017-03-18,31.049248774846394
2017-03-19,29.479891459147137
2017-03-20,31.268699884414673
2017-03-21,32.98188821474711
2017-03-22,35.0167068640391
2017-03-23,36.42914970715841
2017-03-24,36.561585346857704
2017-03-25,37.00367450714111
2017-03-26,36.5544159412384
2017-03-27,36.9515110651652
2017-03-28,38.38851626714071
2017-03-29,39.0405470530192
2017-03-30,39.35824108123779
2017-03-31,39.634045124053955
2017-04-01,40.33819834391276
2017-04-02,39.605576038360596
2017-04-03,40.08235375086466
2017-04-04,39.032904624938965
2017-04-05,35.77050201098124
2017-04-06,37.58957680066427
2017-04-07,37.0399116675059
2017-04-08,36.909627755482994
2017-04-09,36.02708649635315
2017-04-10,35.35917544364929
2017-04-11,37.47618007659912
2017-04-12,39.28715721766154
2017-04-13,39.824765841166176
2017-04-14,40.14528671900431
2017-04-15,40.52257124582926
2017-04-16,39.61479918162028
2017-04-17,39.99438063303629
2017-04-18,40.55246019363403
2017-04-19,41.38044913609823
2017-04-20,40.39723126093546
2017-04-21,39.87120564778646
2017-04-22,38.969223499298096
2017-04-23,38.88139486312866
2017-04-24,38.75401782989502
2017-04-25,39.073959032694496
2017-04-26,38.729604403177895
2017-04-27,39.04208707809448
2017-04-28,40.132321993509926
2017-04-29,40.544793446858726
2017-04-30,38.32337872187296
2017-05-01,37.08321078618368
2017-05-02,39.15977636973063
2017-05-03,40.120231787363686
2017-05-04,39.61882050832113
2017-05-05,40.71656719843546
2017-05-06,42.20457045237223
2017-05-07,42.325600465138756
2017-05-08,41.189818382263184
2017-05-09,39.123719215393066
2017-05-10,39.04346752166748
2017-05-11,40.10707759857178
2017-05-12,40.800280729929604
2017-05-13,40.89004325866699
2017-05-14,42.625304539998375
2017-05-15,42.60732968648275
2017-05-16,41.29838562011719
2017-05-17,37.58275842666626
2017-05-18,39.43853807449341
2017-05-19,40.0937697092692
2017-05-20,40.77366352081299
2017-05-21,41.252685546875
2017-05-22,38.90794348716736
2017-05-23,40.01030890146891
2017-05-24,41.128699938456215
2017-05-25,42.244319915771484
2017-05-26,42.124099254608154
2017-05-27,38.41407044728597
2017-05-28,38.16829903920492
2017-05-29,34.792550563812256
2017-05-30,36.6617263952891
2017-05-31,38.88481982549032
2017-06-01,37.79813162485758
2017-06-02,40.37458276748657
2017-06-03,42.93880367279053
2017-06-04,44.04733006159464
2017-06-05,42.55037419001261
2017-06-06,37.0263245900472
2017-06-07,34.932298024495445
2017-06-08,36.724842389424644
2017-06-09,37.078826665878296
2017-06-10,38.89122279485067
2017-06-11,38.05688953399658
2017-06-12,39.88195991516113
2017-06-13,41.0038423538208
2017-06-14,41.5049262046814
2017-06-15,38.88102595011393
2017-06-16,36.903571446736656
2017-06-17,37.325283447901406
2017-06-18,38.522509256998696
2017-06-19,38.261068185170494
2017-06-20,35.68134196599325
2017-06-21,35.43735591570536
2017-06-22,35.67073257764181
2017-06-23,37.24408555030823
2017-06-24,37.989236195882164
2017-06-25,38.48848327000936
2017-06-26,38.01322285334269
2017-06-27,37.60233950614929
2017-06-28,35.10296988487244
2017-06-29,34.330835819244385
2017-06-30,33.72167571385702
2017-07-01,34.55012798309326
2017-07-02,33.0444921652476
2017-07-03,33.105024337768555
2017-07-04,32.800363858540855
2017-07-05,31.21561884880066
2017-07-06,32.20819481213888
2017-07-07,33.40061561266581
2017-07-08,34.722818533579506
2017-07-09,33.63323211669922
2017-07-10,31.31697154045105
2017-07-11,30.75048017501831
2017-07-12,30.46897069613139
2017-07-13,32.20052854220072
2017-07-14,33.69220074017843
2017-07-15,33.882104317347206
2017-07-16,35.27446103096008
2017-07-17,34.15756185849508
2017-07-18,35.32278633117676
2017-07-19,36.47348292668661
2017-07-20,33.46764341990153
2017-07-21,32.443064292271934
2017-07-22,32.14708089828491
2017-07-23,31.793457746505737
2017-07-24,31.730536063512165
2017-07-25,31.114949464797974
2017-07-26,31.7838081518809
2017-07-27,31.35878332455953
2017-07-28,33.12680824597677
2017-07-29,32.678391536076866
2017-07-30,32.29697863260905
2017-07-31,32.45280075073242
2017-08-01,33.0530260403951
2017-08-02,31.890740553538006
2017-08-03,32.32982214291891
2017-08-04,32.21454747517904
2017-08-05,33.182531913121544
2017-08-06,33.39211948712667
2017-08-07,33.121397177378334
2017-08-08,33.563350200653076
2017-08-09,32.82442315419515
2017-08-10,31.817681948343914
2017-08-11,31.96914052963257
2017-08-12,31.8429700533549
2017-08-13,32.48182352383932
2017-08-14,32.58743635813395
2017-08-15,33.99801254272461
2017-08-16,34.742745876312256
2017-08-17,34.60845867792765
2017-08-18,34.498608430226646
2017-08-19,32.980626265207924
2017-08-20,34.17169634501139
2017-08-21,34.164911349614464
2017-08-22,34.23185086250305
2017-08-23,32.974573373794556
2017-08-24,33.35525353749593
2017-08-25,33.54939031600952
2017-08-26,32.32163635889689
2017-08-27,32.833266735076904
2017-08-28,31.81159011522929
2017-08-29,32.715557972590126
2017-08-30,33.45780769983927
2017-08-31,33.414328257242836
2017-09-01,31.000588178634644
2017-09-02,32.22444637616476
2017-09-03,33.23026164372762
2017-09-04,34.598466555277504
2017-09-05,34.96592036883036
2017-09-06,34.961631298065186
2017-09-07,34.444421450297035
2017-09-08,34.824188788731895
2017-09-09,35.447323640187584
2017-09-10,35.914490381876625
2017-09-11,35.93007214864095
2017-09-12,35.250442028045654
2017-09-13,34.90556478500366
2017-09-14,34.73080555597941
2017-09-15,34.55430865287781
2017-09-16,34.80411458015442
2017-09-17,35.24776212374369
2017-09-18,34.76985478401184
2017-09-19,34.66140230496725
2017-09-20,33.831589778264366
2017-09-21,30.82191300392151
2017-09-22,29.55894947052002
2017-09-23,30.84658193588257
2017-09-24,32.550658543904625
2017-09-25,33.65508906046549
2017-09-26,34.45532298088074
2017-09-27,34.83964411417643
2017-09-28,35.00645637512207
2017-09-29,35.186990102132164
2017-09-30,34.92313400904337
2017-10-01,34.75174069404602
2017-10-02,34.8438663482666
2017-10-03,34.5316329797109
2017-10-04,34.39285755157471
2017-10-05,34.92043685913086
2017-10-06,35.48630181948344
2017-10-07,35.12625455856323
2017-10-08,35.15890924135844
2017-10-09,34.76686898867289
2017-10-10,34.64228447278341
2017-10-11,33.9662062327067
2017-10-12,34.318817138671875
2017-10-13,34.884933948516846
2017-10-14,35.68241866429647
2017-10-15,35.938242514928184
2017-10-16,35.812622467676796
2017-10-17,34.715335845947266
2017-10-18,33.865803162256874
2017-10-19,34.41177558898926
2017-10-20,34.290209213892616
2017-10-21,33.9772724310557
2017-10-22,34.76014773050944
2017-10-23,34.35940798123678
2017-10-24,33.911752780278526
2017-10-25,33.40989303588867
2017-10-26,32.531816720962524
2017-10-27,32.54119920730591
2017-10-28,32.42688242594401
2017-10-29,31.734094222386677
2017-10-30,30.957549889882404
2017-10-31,30.447353442509968
2017-11-01,30.803882122039795
2017-11-02,30.697674830754597
2017-11-03,30.359278678894043
2017-11-04,30.466708024342854
2017-11-05,30.905626853307087
2017-11-06,30.663347085316975
2017-11-07,29.98678143819173
2017-11-08,29.4645037651062
2017-11-09,28.880534489949543
2017-11-10,29.247066338857014
2017-11-11,29.241193135579426
2017-11-12,29.364320198694866
2017-11-13,28.92169173558553
2017-11-14,28.60073685646057
2017-11-15,28.39980173110962
2017-11-16,27.85081680615743
2017-11-17,27.905560970306396
2017-11-18,28.151219209035236
2017-11-19,27.361581643422443
2017-11-20,27.023622274398804
2017-11-21,25.520963191986084
2017-11-22,25.866207281748455
2017-11-23,26.12643019358317
2017-11-24,26.585336605707806
2017-11-25,27.25814954439799
2017-11-26,27.753861983617146
2017-11-27,27.456570545832317
2017-11-28,27.77868342399597
2017-11-29,27.743602593739826
2017-11-30,27.175323009490967
2017-12-01,26.41287128130595
2017-12-02,26.101528485616047
2017-12-03,25.56316550572713
2017-12-04,24.979337056477863
2017-12-05,23.846621990203857
2017-12-06,24.921754678090412
2017-12-07,25.83854905764262
2017-12-08,26.52124849955241
2017-12-09,26.73469074567159
2017-12-10,26.902132034301758
2017-12-11,26.497350056966145
2017-12-12,24.79227415720622
2017-12-13,23.581320603688557
2017-12-14,22.920350869496662
2017-12-15,23.14780306816101
2017-12-16,22.683184146881104
2017-12-17,23.22698489824931
2017-12-18,23.761069138844807
2017-12-19,23.935155709584553
2017-12-20,23.517286777496338
2017-12-21,24.13461963335673
2017-12-22,24.70711636543274
2017-12-23,23.907457669576008
2017-12-24,24.289743185043335
2017-12-25,22.975332736968994
2017-12-26,22.860302130381267
2017-12-27,23.94441270828247
2017-12-28,23.86043397585551
2017-12-29,23.465898275375366
2017-12-30,21.217613061269123
2017-12-31,20.449331919352215
2018-01-01,17.669817248980205
2018-01-02,17.511734167734783
2018-01-03,17.00999681154887
2018-01-04,18.10751163959503
2018-01-05,18.104474027951557
2018-01-06,19.488619367281597
2018-01-07,19.953690846761067
2018-01-08,20.502289215723675
2018-01-09,19.896888732910156
2018-01-10,20.479833205540974
2018-01-11,20.74809992313385
2018-01-12,20.811747868855793
2018-01-13,21.98590811093648
2018-01-14,22.968356132507324
2018-01-15,22.602486610412598
2018-01-16,22.722059726715088
2018-01-17,21.990484555562336
2018-01-18,23.70082155863444
2018-01-19,24.7315727074941
2018-01-20,23.71235466003418
2018-01-21,23.422876675923664
2018-01-22,24.185415506362915
2018-01-23,23.575746695200603
2018-01-24,22.181535641352337
2018-01-25,21.412413676579792
2018-01-26,21.48624626795451
2018-01-27,21.588796536127727
2018-01-28,22.654711723327637
2018-01-29,23.990623950958252
2018-01-30,25.48817507425944
2018-01-31,25.676407178243
2018-02-01,26.6994473139445
2018-02-02,27.772865056991577
2018-02-03,26.598158359527588
2018-02-04,25.611204147338867
2018-02-05,24.191590070724487
2018-02-06,23.88265077273051
2018-02-07,22.673202514648438
2018-02-08,24.88318459192912
2018-02-09,25.42587971687317
2018-02-10,25.68530035018921
2018-02-11,24.059935013453167
2018-02-12,21.542993148167927
2018-02-13,22.944695552190144
2018-02-14,24.630955855051678
2018-02-15,25.42071000734965
2018-02-16,26.286092440287273
2018-02-17,27.266440709431965
2018-02-18,28.02743395169576
2018-02-19,28.31695032119751
2018-02-20,28.729422489802044
2018-02-21,30.094561020533245
2018-02-22,31.188372135162354
2018-02-23,32.00969330469767
2018-02-24,31.46272325515747
2018-02-25,30.484607219696045
2018-02-26,29.63397804896037
2018-02-27,30.320290565490723
2018-02-28,31.09947117169698
2018-03-01,32.18661673863729
2018-03-02,32.955275456110634
2018-03-03,33.12916032473246
2018-03-04,32.51327761014303
2018-03-05,30.227171579996746
2018-03-06,30.234869559605915
2018-03-07,30.734208345413208
2018-03-08,30.508461395899456
2018-03-09,32.242099364598594
2018-03-10,33.0196057955424
2018-03-11,33.53356941541036
2018-03-12,33.62317029635111
2018-03-13,35.12974166870117
2018-03-14,34.42538913091024
2018-03-15,32.45175782839457
2018-03-16,32.593520164489746
2018-03-17,32.51235683759054
2018-03-18,33.21477691332499
2018-03-19,34.15473731358846
2018-03-20,34.88490883509318
2018-03-21,34.3642578125
2018-03-22,33.82095686594645
2018-03-23,33.78977354367574
2018-03-24,34.034215211868286
2018-03-25,34.6659189860026
2018-03-26,35.52052307128906
2018-03-27,37.14736191431681
2018-03-28,38.13893493016561
2018-03-29,37.35533754030863
2018-03-30,37.046982526779175
2018-03-31,35.430196603139244
2018-04-01,35.536604483922325
2018-04-02,36.16883500417074
2018-04-03,37.53234084447225
2018-04-04,38.61348040898641
2018-04-05,37.7349328994751
2018-04-06,37.46629397074381
2018-04-07,34.44976393381754
2018-04-08,34.79535412788391
2018-04-09,34.45691386858622
2018-04-10,35.37872473398844
2018-04-11,34.27341914176941
2018-04-12,34.263781229654946
2018-04-13,36.04904739061991
2018-04-14,37.21342913309733
2018-04-15,38.7462526957194
2018-04-16,39.43168751398722
2018-04-17,39.710677782694496
2018-04-18,38.913808504740395
2018-04-19,39.50210269292196
2018-04-20,39.048834800720215
2018-04-21,37.472994565963745
2018-04-22,37.09487144152323
2018-04-23,37.63700644175211
2018-04-24,38.88736009597778
2018-04-25,40.32699966430664
2018-04-26,39.7986356417338
2018-04-27,38.687613328297935
2018-04-28,39.02939780553182
2018-04-29,39.642510414123535
2018-04-30,38.449804147084556
2018-05-01,36.5789581934611
2018-05-02,37.68079400062561
2018-05-03,33.88853875796
2018-05-04,36.82134747505188
2018-05-05,38.77441883087158
2018-05-06,39.51624568303426
2018-05-07,40.84658829371134
2018-05-08,38.281885941823326
2018-05-09,38.22204335530599
2018-05-10,39.386855125427246
2018-05-11,41.14217980702718
2018-05-12,40.516585191090904
2018-05-13,40.13148005803426
2018-05-14,36.36910470326742
2018-05-15,37.846451123555504
2018-05-16,38.99850940704346
2018-05-17,39.93254089355469
2018-05-18,40.09173838297526
2018-05-19,40.85099824269613
2018-05-20,40.70406119028727
2018-05-21,42.004507541656494
2018-05-22,42.86327362060547
2018-05-23,42.374511082967125
2018-05-24,41.8945247332255
2018-05-25,42.689203103383385
2018-05-26,44.007730642954506
2018-05-27,43.14258893330892
2018-05-28,42.69860426584879
2018-05-29,41.28758160273234
2018-05-30,39.45943705240885
2018-05-31,39.820648193359375
2018-06-01,38.82485548655192
2018-06-02,37.57825104395548
2018-06-03,39.5647554397583
2018-06-04,39.86327791213989
2018-06-05,40.362517515818276
2018-06-06,38.76381858189901
2018-06-07,40.30396286646525
2018-06-08,37.635773340861
2018-06-09,38.072580655415855
2018-06-10,36.71644894282023
2018-06-11,39.3183012008667
2018-06-12,41.42158651351929
2018-06-13,40.38183275858561
2018-06-14,38.8352427482605
2018-06-15,38.56476354598999
2018-06-16,39.102553844451904
2018-06-17,38.9128942489624
2018-06-18,39.71624684333801
2018-06-19,39.99954032897949
2018-06-20,41.21402963002523
2018-06-21,41.877898852030434
2018-06-22,41.758660634358726
2018-06-23,40.84187412261963
2018-06-24,40.49202092488607
2018-06-25,41.16180737813314
2018-06-26,36.35373298327128
2018-06-27,34.77047538757324
2018-06-28,33.798815647761025
2018-06-29,33.973835388819374
2018-06-30,35.24982261657715
2018-07-01,34.15444803237915
2018-07-02,33.59802762667338
2018-07-03,34.98202474912008
2018-07-04,34.94019055366516
2018-07-05,36.21499196688334
2018-07-06,37.15669552485148
2018-07-07,37.86564413706461
2018-07-08,38.24017365773519
2018-07-09,37.49439414342245
2018-07-10,36.48847206433614
2018-07-11,35.759479999542236
2018-07-12,33.86526131629944
2018-07-13,33.093026558558144
2018-07-14,32.64662663141886
2018-07-15,34.93111594518026
2018-07-16,35.33537673950195
2018-07-17,35.3158434232076
2018-07-18,34.427371899286904
2018-07-19,34.25574493408203
2018-07-20,34.63926680882772
2018-07-21,32.26613664627075
2018-07-22,32.564311583836876
2018-07-23,32.2050789197286
2018-07-24,32.38792872428894
2018-07-25,30.42268705368042
2018-07-26,28.527281681696575
2018-07-27,29.43728280067444
2018-07-28,30.849414110183716
2018-07-29,30.972236315409344
2018-07-30,30.117303133010864
2018-07-31,29.962124903996784
2018-08-01,30.78856833775838
2018-08-02,31.14538566271464
2018-08-03,29.785674174626667
2018-08-04,32.06214467684428
2018-08-05,30.3379008769989
2018-08-06,31.116912841796875
2018-08-07,32.29042053222656
2018-08-08,32.78477374712626
2018-08-09,33.79649488131205
2018-08-10,34.44258697827657
2018-08-11,32.33447980880737
2018-08-12,30.916078090667725
2018-08-13,31.86240005493164
2018-08-14,33.38915737469991
2018-08-15,32.99673994382223
2018-08-16,33.9464271068573
2018-08-17,34.16885161399841
2018-08-18,34.85907745361328
2018-08-19,34.65888778368632
2018-08-20,32.91323177019755
2018-08-21,33.55205217997233
2018-08-22,32.49667461713155
2018-08-23,31.25586708386739
2018-08-24,30.409679412841797
2018-08-25,29.871028184890747
2018-08-26,31.152454773585003
2018-08-27,31.503206888834637
2018-08-28,32.399308363596596
2018-08-29,32.44761530558268
2018-08-30,32.43352667490641
2018-08-31,30.570328156153362
2018-09-01,30.566147168477375
2018-09-02,30.193719546000164
2018-09-03,29.66217064857483
2018-09-04,30.29739276568095
2018-09-05,30.9763826529185
2018-09-06,31.820523977279663
2018-09-07,31.359204928080242
2018-09-08,30.668361743291218
2018-09-09,32.00341057777405
2018-09-10,31.776000658671062
2018-09-11,32.14334591229757
2018-09-12,31.893409729003906
2018-09-13,32.38507970174154
2018-09-14,33.473200718561806
2018-09-15,33.71905628840128
2018-09-16,33.936506589253746
2018-09-17,33.84921304384867
2018-09-18,34.31902368863424
2018-09-19,34.76268649101257
2018-09-20,34.305633227030434
2018-09-21,31.194934686024983
2018-09-22,28.943161884943645
2018-09-23,31.072046756744385
2018-09-24,31.33648141225179
2018-09-25,31.873079379399616
2018-09-26,32.943315505981445
2018-09-27,33.74558528264364
2018-09-28,34.50816464424133
2018-09-29,34.99029382069906
2018-09-30,34.78610897064209
2018-10-01,34.8464552561442
2018-10-02,35.15887920061747
2018-10-03,35.53207310040792
2018-10-04,35.023667335510254
2018-10-05,34.96136991182963
2018-10-06,35.118733962376915
2018-10-07,34.42490164438883
2018-10-08,34.70489581425985
2018-10-09,34.63029114405314
2018-10-10,33.7005721728007
2018-10-11,31.504987637201946
2018-10-12,30.983404477437336
2018-10-13,31.773178497950237
2018-10-14,32.32160552342733
2018-10-15,33.4513266881307
2018-10-16,34.16468874613444
2018-10-17,34.082683642705284
2018-10-18,34.249338150024414
2018-10-19,34.5371957619985
2018-10-20,33.83062346776327
2018-10-21,33.41676942507426
2018-10-22,32.30800692240397
2018-10-23,32.42527516682943
2018-10-24,32.259575287501015
2018-10-25,32.97372770309448
2018-10-26,32.5901407400767
2018-10-27,32.12091827392578
2018-10-28,31.57249395052592
2018-10-29,31.444345394770306
2018-10-30,31.508736689885456
2018-10-31,31.94837800661723
2018-11-01,32.08311176300049
2018-11-02,32.21458411216736
2018-11-03,31.477369387944538
2018-11-04,30.707089344660442
2018-11-05,29.495542844136555
2018-11-06,28.424951950709026
2018-11-07,28.323911507924397
2018-11-08,28.54757825533549
2018-11-09,28.985595226287842
2018-11-10,29.02716811498006
2018-11-11,29.564680178960163
2018-11-12,30.148767709732056
2018-11-13,30.431583722432453
2018-11-14,29.778479258219402
2018-11-15,29.581379493077595
2018-11-16,27.922967036565144
2018-11-17,28.260226090749104
2018-11-18,29.0488064289093
2018-11-19,29.143017609914143
2018-11-20,29.585029045740765
2018-11-21,29.190120220184326
2018-11-22,28.709660212198894
2018-11-23,28.39287829399109
2018-11-24,28.045217355092365
2018-11-25,27.79964780807495
2018-11-26,28.087955156962078
2018-11-27,27.34239117304484
2018-11-28,27.110859950383503
2018-11-29,26.871575673421223
2018-11-30,26.515044927597046
2018-12-01,26.382269779841106
2018-12-02,26.207549810409546
2018-12-03,26.017605940500896
2018-12-04,25.478282928466797
2018-12-05,25.110921382904053
2018-12-06,25.333795150121052
2018-12-07,24.881751537322998
2018-12-08,25.088618278503418
2018-12-09,24.910972356796265
2018-12-10,24.22168771425883
2018-12-11,24.079623619715374
2018-12-12,22.18952437241872
2018-12-13,22.284802357355755
2018-12-14,22.802509387334187
2018-12-15,23.195913473765057
2018-12-16,23.320742050806682
2018-12-17,22.07586121559143
2018-12-18,23.130971829096477
2018-12-19,23.32741928100586
2018-12-20,23.54786554972331
2018-12-21,23.035398960113525
2018-12-22,22.819034973780315
2018-12-23,23.089198509852093
2018-12-24,23.236184517542522
2018-12-25,22.427807728449505
2018-12-26,21.88334544499715
2018-12-27,21.691113710403442
2018-12-28,20.705849568049114
2018-12-29,21.207366466522217
2018-12-30,22.12331970532735
2018-12-31,22.75349259376526
2019-01-01,22.6458474000295
2019-01-02,22.921388864517212
2019-01-03,22.378662983576458
2019-01-04,21.410234610239666
2019-01-05,22.614359219868977
2019-01-06,21.405631343523662
2019-01-07,20.545579433441162
2019-01-08,21.424261808395386
2019-01-09,21.110995690027874
2019-01-10,21.366811990737915
2019-01-11,22.190420230229694
2019-01-12,22.601893583933514
2019-01-13,22.101015488306682
2019-01-14,21.7956759929657
2019-01-15,20.430721521377563
2019-01-16,21.913296937942505
2019-01-17,22.495834350585938
2019-01-18,22.52793614069621
2019-01-19,24.08005913098653
2019-01-20,26.22184983889262
2019-01-21,25.707578738530476
2019-01-22,22.671493371327717
2019-01-23,21.36724293231964
2019-01-24,21.45846501986186
2019-01-25,18.417311151822407
2019-01-26,18.237420121828716
2019-01-27,19.268009265263874
2019-01-28,19.309545000394184
2019-01-29,19.878262042999268
2019-01-30,21.40665276845296
2019-01-31,21.81281352043152
2019-02-01,23.720140139261883
2019-02-02,22.62592355410258
2019-02-03,22.050865411758423
2019-02-04,22.770262559254963
2019-02-05,23.91704026858012
2019-02-06,24.386877059936523
2019-02-07,21.962831497192383
2019-02-08,21.598809401194256
2019-02-09,21.038473685582478
2019-02-10,21.980793952941895
2019-02-11,23.102574189503986
2019-02-12,24.71165895462036
2019-02-13,26.000901301701862
2019-02-14,23.66780749956767
2019-02-15,22.711450179417927
2019-02-16,22.277544657389324
2019-02-17,22.521966616312664
2019-02-18,24.99552337328593
2019-02-19,26.76558764775594
2019-02-20,26.166484832763672
2019-02-21,29.325198252995808
2019-02-22,27.523059527079266
2019-02-23,24.717885335286457
2019-02-24,24.019256909688313
2019-02-25,26.193593978881836
2019-02-26,24.723057826360066
2019-02-27,21.11961857477824
2019-02-28,21.850416978200276
2019-03-01,23.344141085942585
2019-03-02,22.762155334154766
2019-03-03,22.842358827590942
2019-03-04,25.42298952738444
2019-03-05,25.389851967493694
2019-03-06,25.386859734853108
2019-03-07,26.64757839838664
2019-03-08,28.094190677007038
2019-03-09,29.339143991470337
2019-03-10,28.687635103861492
2019-03-11,30.329067707061768
2019-03-12,30.552854935328167
2019-03-13,28.8713854153951
2019-03-14,28.855351448059082
2019-03-15,28.192228237787884
2019-03-16,28.65170653661092
2019-03-17,27.81049593289693
2019-03-18,29.663204511006672
2019-03-19,30.860278685887653
2019-03-20,32.8071825504303
2019-03-21,32.4427596728007
2019-03-22,31.47829230626424
2019-03-23,31.334880034128826
2019-03-24,33.19245743751526
2019-03-25,33.25168307622274
2019-03-26,31.29002634684245
2019-03-27,32.48217932383219
2019-03-28,34.4156764348348
2019-03-29,36.29387982686361
2019-03-30,38.05571095148722
2019-03-31,37.218555768330894
2019-04-01,35.23125902811686
2019-04-02,35.70963422457377
2019-04-03,37.49689634641012
2019-04-04,38.4945019086202
2019-04-05,38.631876150767006
2019-04-06,37.74535131454468
2019-04-07,36.31563671429952
2019-04-08,35.747140089670815
2019-04-09,37.946872075398765
2019-04-10,37.75734011332194
2019-04-11,38.44727118810018
2019-04-12,38.610380252202354
2019-04-13,39.263555685679115
2019-04-14,39.96384859085083
2019-04-15,40.36860211690267
2019-04-16,31.495986779530842
2019-04-17,27.971417268117268
2019-04-18,31.523097038269043
2019-04-19,33.579949378967285
2019-04-20,35.005903005599976
2019-04-21,36.86306365331014
2019-04-22,38.24472824732462
2019-04-23,38.732734521230064
2019-04-24,39.85676352183024
2019-04-25,40.974608739217125
2019-04-26,41.28389040629069
2019-04-27,40.865715980529785
2019-04-28,41.18450276056925
2019-04-29,41.87234592437744
2019-04-30,42.484333515167236
2019-05-01,41.62241999308268
2019-05-02,40.31380279858907
2019-05-03,37.30459849039713
2019-05-04,37.46458594004313
2019-05-05,39.229520638783775
2019-05-06,41.094439347585045
2019-05-07,42.00201527277628
2019-05-08,42.233534812927246
2019-05-09,41.82508373260498
2019-05-10,41.119089126586914
2019-05-11,39.81533479690552
2019-05-12,39.521950801213585
2019-05-13,39.15246375401815
2019-05-14,37.222851514816284
2019-05-15,38.12613995869955
2019-05-16,38.553313970565796
2019-05-17,38.60890316963196
2019-05-18,36.80215644836426
2019-05-19,38.44293371836344
2019-05-20,40.46115748087565
2019-05-21,41.872716426849365
2019-05-22,41.15218210220337
2019-05-23,41.27377335230509
2019-05-24,39.97526184717814
2019-05-25,39.410208543141685
2019-05-26,40.94267749786377
2019-05-27,42.67019828160604
2019-05-28,43.04537423451742
2019-05-29,43.56124750773112
2019-05-30,44.394403298695885
2019-05-31,42.81075064341227
2019-06-01,42.5746800104777
2019-06-02,41.94080527623495
2019-06-03,39.682254473368324
2019-06-04,41.593546072642006
2019-06-05,42.89088217417399
2019-06-06,42.22737948099772
2019-06-07,40.64493195215861
2019-06-08,42.435523986816406
2019-06-09,43.91993808746338
2019-06-10,44.12489318847656
2019-06-11,43.25322914123535
2019-06-12,39.15828021367391
2019-06-13,39.833627223968506
2019-06-14,41.799036184946694
2019-06-15,42.86700677871704
2019-06-16,39.801225900650024
2019-06-17,38.46184436480204
2019-06-18,36.80567749341329
2019-06-19,34.1960297425588
2019-06-20,36.92175483703613
2019-06-21,38.88576094309489
2019-06-22,36.39002648989359
2019-06-23,36.49186340967814
2019-06-24,36.46155778566996
2019-06-25,38.62134305636088
2019-06-26,38.84965387980143
2019-06-27,39.29461510976156
2019-06-28,40.00572029749552
2019-06-29,40.00284671783447
2019-06-30,38.12461471557617
2019-07-01,38.777196725209556
2019-07-02,37.47324721018473
2019-07-03,35.6529700756073
2019-07-04,36.24731103579203
2019-07-05,35.90132268269857
2019-07-06,32.983206272125244
2019-07-07,33.17423995335897
2019-07-08,32.61033829053243
2019-07-09,30.113028923670452
2019-07-10,32.43912132581075
2019-07-11,32.39654246966044
2019-07-12,33.76657525698344
2019-07-13,34.00200700759888
2019-07-14,34.65024455388387
2019-07-15,34.61601996421814
2019-07-16,33.60696140925089
2019-07-17,34.918412844340004
2019-07-18,35.45325120290121
2019-07-19,36.1820011138916
2019-07-20,36.14275121688843
2019-07-21,36.358934799830116
2019-07-22,36.79467964172363
2019-07-23,36.77896134058634
2019-07-24,33.868156830469765
2019-07-25,30.122095505396526
2019-07-26,30.48945418993632
2019-07-27,30.991594314575195
2019-07-28,31.99193247159322
2019-07-29,32.83528502782186
2019-07-30,32.17762327194214
2019-07-31,32.78452960650126
2019-08-01,33.4556557337443
2019-08-02,33.20290017127991
2019-08-03,33.79140877723694
2019-08-04,34.693992614746094
2019-08-05,34.3690071105957
2019-08-06,32.20463490486145
2019-08-07,33.11539872487386
2019-08-08,33.22522226969401
2019-08-09,31.945298194885254
2019-08-10,33.55430761973063
2019-08-11,33.726884603500366
2019-08-12,34.3014497756958
2019-08-13,32.33706506093343
2019-08-14,32.57045292854309
2019-08-15,31.364357948303223
2019-08-16,32.05213840802511
2019-08-17,31.43703293800354
2019-08-18,31.653146823247273
2019-08-19,32.46303661664327
2019-08-20,32.94615610440572
2019-08-21,31.984548966089886
2019-08-22,32.05488657951355
2019-08-23,33.61838420232137
2019-08-24,31.88769268989563
2019-08-25,31.63911247253418
2019-08-26,33.26071802775065
2019-08-27,33.88000853856405
2019-08-28,34.32328677177429
2019-08-29,33.810943921407066
2019-08-30,34.48123892148336
2019-08-31,34.30550614992777
2019-09-01,33.31395228703817
2019-09-02,34.53742607434591
2019-09-03,34.144749800364174
2019-09-04,33.962039868036904
2019-09-05,34.10566997528076
2019-09-06,34.62204631169637
2019-09-07,33.890656312306724
2019-09-08,33.90246510505676
2019-09-09,33.727157751719155
2019-09-10,34.89578437805176
2019-09-11,34.6317347685496
2019-09-12,32.621318340301514
2019-09-13,32.068788051605225
2019-09-14,31.994230270385742
2019-09-15,32.61664438247681
2019-09-16,33.3899789651235
2019-09-17,32.523902813593544
2019-09-18,30.753432909647625
2019-09-19,30.45416243871053
2019-09-20,32.7424750328064
2019-09-21,33.227980295817055
2019-09-22,29.988399108250935
2019-09-23,30.101162910461426
2019-09-24,30.921317100524902
2019-09-25,31.001880884170532
2019-09-26,28.521900177001953
2019-09-27,28.089422067006428
2019-09-28,27.694618463516235
2019-09-29,27.705473979314167
2019-09-30,29.12155294418335
2019-10-01,29.740499019622803
2019-10-02,29.881060043970745
2019-10-03,31.59083875020345
2019-10-04,31.756291389465332
2019-10-05,32.09960166613261
2019-10-06,32.42837572097778
2019-10-07,32.03559549649557
2019-10-08,32.11459334691366
2019-10-09,31.58078106244405
2019-10-10,32.27098536491394
2019-10-11,32.04965821901957
2019-10-12,32.35629645983378
2019-10-13,32.671180168787636
2019-10-14,32.840163151423134
2019-10-15,32.59491038322449
2019-10-16,32.37866465250651
2019-10-17,32.127749840418495
2019-10-18,31.919170061747234
2019-10-19,30.166773398717243
2019-10-20,29.03996006647746
2019-10-21,29.98569639523824
2019-10-22,30.7865571975708
2019-10-23,29.538331429163616
2019-10-24,30.595152457555134
2019-10-25,28.645227352778118
2019-10-26,28.570082743962605
2019-10-27,29.775131066640217
2019-10-28,29.904024600982666
2019-10-29,29.981900850931805
2019-10-30,29.649044911066692
2019-10-31,30.735661109288532
2019-11-01,31.36251179377238
2019-11-02,30.56812111536662
2019-11-03,29.377030690511067
2019-11-04,30.177459716796875
2019-11-05,30.107720534006756
2019-11-06,29.07764760653178
2019-11-07,28.159366925557453
2019-11-08,29.597378094991047
2019-11-09,29.590444644292194
2019-11-10,29.715699513753254
2019-11-11,29.100640614827473
2019-11-12,29.607439359029133
2019-11-13,29.441797812779743
2019-11-14,28.66732390721639
2019-11-15,28.89124059677124
2019-11-16,29.434531291325886
2019-11-17,29.19804247220357
2019-11-18,28.045886119206745
2019-11-19,27.735528628031414
2019-11-20,27.976658423741657
2019-11-21,27.805867671966553
2019-11-22,27.75618060429891
2019-11-23,27.564093987147015
2019-11-24,27.279748916625977
2019-11-25,27.01827112833659
2019-11-26,27.66343371073405
2019-11-27,27.604474941889446
2019-11-28,26.82432969411214
2019-11-29,25.209768215815227
2019-11-30,25.665369113286335
2019-12-01,25.50418225924174
2019-12-02,24.376556714375813
2019-12-03,24.323256254196167
2019-12-04,24.341459433237713
2019-12-05,23.81485406557719
2019-12-06,24.495422919591267
2019-12-07,24.49297030766805
2019-12-08,24.2330006758372
2019-12-09,24.087178945541382
2019-12-10,23.776716947555542
2019-12-11,23.728732426961262
2019-12-12,21.71094485123952
2019-12-13,19.37705651919047
2019-12-14,19.942274570465088
2019-12-15,20.223587155342102
2019-12-16,18.790617028872173
2019-12-17,16.766576608022053
2019-12-18,16.522650520006817
2019-12-19,16.695993622144062
2019-12-20,19.12008500099182
2019-12-21,20.28526798884074
2019-12-22,20.240580320358276
2019-12-23,19.250949422518413
2019-12-24,16.780530254046123
2019-12-25,16.91954239209493
2019-12-26,14.287062009175619
2019-12-27,14.382516026496887
2019-12-28,13.40537174542745
2019-12-29,13.657945195833841
2019-12-30,12.356991092363993
2019-12-31,14.895922223726908
2020-01-01,18.205733974774677
2020-01-02,20.532538016637165
2020-01-03,19.869099378585815
2020-01-04,18.599039673805237
2020-01-05,19.429734627405804
2020-01-06,20.308202902475994
2020-01-07,20.199774583180744
2020-01-08,16.359985788663227
2020-01-09,16.512671033541363
2020-01-10,16.985501805941265
2020-01-11,18.608450015385944
2020-01-12,20.248530626296997
2020-01-13,20.342411438624065
2020-01-14,19.73466459910075
2020-01-15,19.856058677037556
2020-01-16,18.12726600964864
2020-01-17,17.785085082054138
2020-01-18,16.959164539972942
2020-01-19,17.39357380072276
2020-01-20,18.192752361297607
2020-01-21,19.305934071540833
2020-01-22,20.106120665868122
2020-01-23,20.94403115908305
2020-01-24,20.8028777440389
2020-01-25,20.807011763254803
2020-01-26,21.627316395441692
2020-01-27,22.33186678091685
2020-01-28,21.839077870051067
2020-01-29,21.479955593744915
2020-01-30,20.566718022028606
2020-01-31,20.58451195557912
2020-02-01,20.87283480167389
2020-02-02,20.924572626749676
2020-02-03,21.34929124514262
2020-02-04,20.736648281415302
2020-02-05,21.89398503303528
2020-02-06,21.611536343892414
2020-02-07,21.17700509230296
2020-02-08,21.43979787826538
2020-02-09,22.601305882136028
2020-02-10,23.356149196624756
2020-02-11,23.47859795888265
2020-02-12,24.82040564219157
2020-02-13,26.9823211034139
2020-02-14,26.137020587921143
2020-02-15,25.59853442509969
2020-02-16,26.758747418721516
2020-02-17,26.837546666463215
2020-02-18,26.692739566167194
2020-02-19,27.861797253290813
2020-02-20,27.865358352661133
2020-02-21,24.07283866405487
2020-02-22,24.423490921656292
2020-02-23,25.641278743743896
2020-02-24,25.85139314333598
2020-02-25,23.653136332829792
2020-02-26,24.9598491191864
2020-02-27,25.69755228360494
2020-02-28,26.30186168352763
2020-02-29,27.267317215601604
2020-03-01,26.549320856730144
2020-03-02,27.820272127787273
2020-03-03,28.316330671310425
2020-03-04,27.986019372940063
2020-03-05,26.633583227793377
2020-03-06,24.54208751519521
2020-03-07,23.276024023691814
2020-03-08,25.775952577590942
2020-03-09,26.538610378901165
2020-03-10,24.64838163057963
2020-03-11,27.138460795084637
2020-03-12,29.083848873774212
2020-03-13,25.305652856826782
2020-03-14,24.640074729919434
2020-03-15,25.357856432596844
2020-03-16,26.56112305323283
2020-03-17,28.292216698328655
2020-03-18,29.585218906402588
2020-03-19,29.77527141571045
2020-03-20,31.452099959055584
2020-03-21,29.599765221277874
2020-03-22,30.656383832295734
2020-03-23,31.526023308436077
2020-03-24,32.315775632858276
2020-03-25,33.34639390309652
2020-03-26,32.42619037628174
2020-03-27,26.50999140739441
2020-03-28,30.49343951543172
2020-03-29,31.565802335739136
2020-03-30,32.591458797454834
2020-03-31,33.85054771105448
2020-04-01,35.17206597328186
2020-04-02,33.86533419291178
2020-04-03,33.60857685407003
2020-04-04,34.38037085533142
2020-04-05,35.35506010055542
2020-04-06,37.13615481058756
2020-04-07,36.99170430501302
2020-04-08,36.02599501609802
2020-04-09,35.82047653198242
2020-04-10,36.64476704597473
2020-04-11,37.73994596799215
2020-04-12,37.488823652267456
2020-04-13,38.16483974456787
2020-04-14,38.75285720825195
2020-04-15,38.621206283569336
2020-04-16,38.77280362447103
2020-04-17,37.66855239868164
2020-04-18,37.100334803263344
2020-04-19,36.82095456123352
2020-04-20,33.60528047879537
2020-04-21,34.22392725944519
2020-04-22,35.35755745569865
2020-04-23,34.99379698435465
2020-04-24,36.19142731030782
2020-04-25,35.44828327496847
2020-04-26,33.097472270329796
2020-04-27,32.06380542119344
2020-04-28,33.363460540771484
2020-04-29,34.204514026641846
2020-04-30,35.98126435279846
2020-05-01,34.602461417516075
2020-05-02,35.416823625564575
2020-05-03,35.805943648020424
2020-05-04,35.291276137034096
2020-05-05,34.71666820844015
2020-05-06,34.968778451283775
2020-05-07,34.95643472671509
2020-05-08,37.640631357828774
2020-05-09,38.067245960235596
2020-05-10,36.09325814247131
2020-05-11,34.76205269495646
2020-05-12,35.53323578834534
2020-05-13,36.288126150767006
2020-05-14,37.803635915120445
2020-05-15,38.72124671936035
2020-05-16,38.94914627075195
2020-05-17,40.014097372690834
2020-05-18,40.0443819363912
2020-05-19,39.71867513656616
2020-05-20,39.00537935892741
2020-05-21,39.922592639923096
2020-05-22,41.77646096547445
2020-05-23,41.4680879910787
2020-05-24,42.97330411275228
2020-05-25,43.63969500859579
2020-05-26,44.0527990659078
2020-05-27,43.040736516316734
2020-05-28,38.213775634765625
2020-05-29,36.54752802848816
2020-05-30,34.66921544075012
2020-05-31,34.24353535970052
2020-06-01,35.658495346705116
2020-06-02,34.994325478871666
2020-06-03,36.11947679519653
2020-06-04,30.869808673858643
2020-06-05,30.181936581929524
2020-06-06,33.70633029937744
2020-06-07,35.97338477770487
2020-06-08,37.54674061139425
2020-06-09,39.18621587753296
2020-06-10,39.232969443003334
2020-06-11,38.3871119817098
2020-06-12,38.35720809300741
2020-06-13,37.359968503316246
2020-06-14,37.41624434789022
2020-06-15,37.12878131866455
2020-06-16,37.39959875742594
2020-06-17,36.45791403452555
2020-06-18,36.728092193603516
2020-06-19,36.3994075457255
2020-06-20,35.50951623916626
2020-06-21,34.00874249140421
2020-06-22,34.58337124188741
2020-06-23,33.93089373906454
2020-06-24,33.79166102409363
2020-06-25,34.03967046737671
2020-06-26,34.81279834111532
2020-06-27,34.359065214792885
2020-06-28,36.20840295155843
2020-06-29,33.797123670578
2020-06-30,34.84746901194254
2020-07-01,36.28507741292318
2020-07-02,37.42514308293661
2020-07-03,36.28680404027303
2020-07-04,35.23843240737915
2020-07-05,34.086488246917725
2020-07-06,33.21864914894104
2020-07-07,32.16967010498047
2020-07-08,33.87777296702067
2020-07-09,34.34536043802897
2020-07-10,33.30718755722046
2020-07-11,33.61691149075826
2020-07-12,34.69934097925822
2020-07-13,35.634520848592125
2020-07-14,34.47928333282471
2020-07-15,34.678957303365074
2020-07-16,34.85607926050822
2020-07-17,35.85609579086304
2020-07-18,35.80272420247396
2020-07-19,34.33518775304159
2020-07-20,32.20908713340759
2020-07-21,32.21077982584635
2020-07-22,33.022934913635254
2020-07-23,33.66486835479736
2020-07-24,33.63477373123169
2020-07-25,33.48965358734131
2020-07-26,35.04435078303019
2020-07-27,35.55488419532776
2020-07-28,33.75819738705953
2020-07-29,30.682484706242878
2020-07-30,32.34543784459432
2020-07-31,33.49410263697306
2020-08-01,33.41204969088236
2020-08-02,35.01031239827474
2020-08-03,34.019681771596275
2020-08-04,34.98876770337423
2020-08-05,33.73265846570333
2020-08-06,33.47565468152364
2020-08-07,34.39908297856649
2020-08-08,34.83140754699707
2020-08-09,33.544647534688316
2020-08-10,33.30808687210083
2020-08-11,33.85192998250326
2020-08-12,31.35887384414673
2020-08-13,29.929932117462158
2020-08-14,32.39439368247986
2020-08-15,33.45031110445658
2020-08-16,33.59206461906433
2020-08-17,33.97380510965983
2020-08-18,34.33561666806539
2020-08-19,30.9235413869222
2020-08-20,32.306947549184166
2020-08-21,31.737570365269978
2020-08-22,31.824357668558758
2020-08-23,32.0685396194458
2020-08-24,32.629071950912476
2020-08-25,33.2936692237854
2020-08-26,33.338624477386475
2020-08-27,32.505046685536705
2020-08-28,31.95899709065755
2020-08-29,31.833436568578083
2020-08-30,32.21765812238058
2020-08-31,33.66997575759888
2020-09-01,33.61755633354187
2020-09-02,32.153730630874634
2020-09-03,33.264274994532265
2020-09-04,34.65369534492493
2020-09-05,35.085843880971275
2020-09-06,34.92187293370565
2020-09-07,34.91171423594157
2020-09-08,35.02174393335978
2020-09-09,35.21730558077494
2020-09-10,35.00602396329244
2020-09-11,35.214034954706825
2020-09-12,34.899059534072876
2020-09-13,35.0386069615682
2020-09-14,35.288880030314125
2020-09-15,34.62662903467814
2020-09-16,35.521487871805824
2020-09-17,35.64301458994547
2020-09-18,35.91272974014282
2020-09-19,35.19941711425781
2020-09-20,35.5500807762146
2020-09-21,35.695595582326256
2020-09-22,33.46121017138163
2020-09-23,31.413773854573567
2020-09-24,30.958520253499348
2020-09-25,33.44914015134176
2020-09-26,34.47555589675903
2020-09-27,34.020911693573
2020-09-28,34.736568768819176
2020-09-29,34.688036998113
2020-09-30,34.37580943107605
2020-10-01,34.71659501393636
2020-10-02,34.97831281026205
2020-10-03,34.81282035509745
2020-10-04,34.539066235224404
2020-10-05,34.866636753082275
2020-10-06,35.38809076944987
2020-10-07,35.228124698003136
2020-10-08,34.988664388656616
2020-10-09,34.662023623784386
2020-10-10,34.99538787206014
2020-10-11,34.895348946253456
2020-10-12,34.912355502446495
2020-10-13,34.763636112213135
2020-10-14,34.69798731803894
2020-10-15,34.833922704060875
2020-10-16,34.88761536280314
2020-10-17,34.81243761380514
2020-10-18,34.3753449122111
2020-10-19,33.79204901059469
2020-10-20,33.42598485946655
2020-10-21,33.82687179247538
2020-10-22,33.14373795191447
2020-10-23,33.25281047821045
2020-10-24,33.60457134246826
2020-10-25,33.543925523757935
2020-10-26,33.00259359677633
2020-10-27,32.613412857055664
2020-10-28,32.04431200027466
2020-10-29,31.959059079488117
2020-10-30,32.01003861427307
2020-10-31,31.34394892056783
2020-11-01,30.87172595659892
2020-11-02,30.340060710906982
2020-11-03,30.46611523628235
2020-11-04,30.43172748883565
2020-11-05,30.453088839848835
2020-11-06,30.29830018679301
2020-11-07,29.74154011408488
2020-11-08,29.275506496429443
2020-11-09,29.214162906010944
2020-11-10,28.90822148323059
2020-11-11,29.402376572291057
2020-11-12,29.994988123575848
2020-11-13,29.454819838205974
2020-11-14,29.563366492589314
2020-11-15,29.843789498011272
2020-11-16,25.54873538017273
2020-11-17,27.065345605214436
2020-11-18,25.88927396138509
2020-11-19,25.85433069864909
2020-11-20,25.808716376622517
2020-11-21,24.67354416847229
2020-11-22,24.576390981674194
2020-11-23,25.432207107543945
2020-11-24,25.383456548055012
2020-11-25,24.983545621236164
2020-11-26,24.661715984344482
2020-11-27,25.998215754826862
2020-11-28,26.948121547698975
2020-11-29,26.770439465840656
2020-11-30,26.679947296778362
2020-12-01,26.805203199386597
2020-12-02,26.94787335395813
2020-12-03,26.768083731333416
2020-12-04,27.116904258728027
2020-12-05,27.636536121368408
2020-12-06,28.124463001887005
2020-12-07,27.302297671635944
2020-12-08,26.585537989934284
2020-12-09,26.826962153116863
2020-12-10,26.82305908203125
2020-12-11,23.725091695785522
2020-12-12,22.896700779596966
2020-12-13,22.90517020225525
2020-12-14,20.899684349695843
2020-12-15,20.58839813868205
2020-12-16,20.057754675547283
2020-12-17,19.784123460451763
2020-12-18,18.86682156721751
2020-12-19,20.643017212549847
2020-12-20,20.92042088508606
2020-12-21,22.34350911776225
2020-12-22,23.08039911588033
2020-12-23,24.03767768541972
2020-12-24,23.63219992319743
2020-12-25,23.079649448394775
2020-12-26,22.99234636624654
2020-12-27,22.97623602549235
2020-12-28,20.990623116493225
2020-12-29,19.860176642735798
2020-12-30,19.278170029322307
2020-12-31,18.935333172480266
2021-01-01,19.715880751609802
2021-01-02,21.6656395594279
2021-01-03,22.898276329040527
2021-01-04,23.27556586265564
2021-01-05,23.846855878829956
2021-01-06,25.18084208170573
2021-01-07,23.45284406344096
2021-01-08,21.24223844210307
2021-01-09,22.298803091049194
2021-01-10,22.63105384508769
2021-01-11,19.87146306037903
2021-01-12,19.47937325636546
2021-01-13,18.87183217207591
2021-01-14,19.56207021077474
2021-01-15,20.266470193862915
2021-01-16,19.962868372599285
2021-01-17,18.43524670600891
2021-01-18,20.613230148951214
2021-01-19,22.50626786549886
2021-01-20,21.855936129887898
2021-01-21,22.380367120107014
2021-01-22,20.954383929570515
2021-01-23,20.504846572875977
2021-01-24,19.409682631492615
2021-01-25,17.30736255645752
2021-01-26,17.440075715382893
2021-01-27,18.735004742940266
2021-01-28,17.909379800160725
2021-01-29,18.14343539873759
2021-01-30,20.376613934834797
2021-01-31,22.119441509246826
2021-02-01,23.460895379384358
2021-02-02,25.423112154006958
2021-02-03,26.176501592000324
2021-02-04,25.05691651503245
2021-02-05,22.597455422083538
2021-02-06,22.636120875676472
2021-02-07,23.350468635559082
2021-02-08,24.67084590593974
2021-02-09,26.114943265914917
2021-02-10,27.424556096394856
2021-02-11,27.114974816640217
2021-02-12,26.878153403600056
2021-02-13,26.6222182114919
2021-02-14,27.074336687723797
2021-02-15,28.093805472056072
2021-02-16,27.135872920354206
2021-02-17,27.227574348449707
2021-02-18,27.88156994183858
2021-02-19,27.734225034713745
2021-02-20,27.521828333536785
2021-02-21,28.03072237968445
2021-02-22,28.616857051849365
2021-02-23,29.94385274251302
2021-02-24,31.451067447662354
2021-02-25,32.26284829775492
2021-02-26,32.362244606018066
2021-02-27,32.030361334482826
2021-02-28,31.995325167973835
2021-03-01,30.601766506830852
2021-03-02,28.809948523839314
2021-03-03,30.17046531041463
2021-03-04,31.917779048283894
2021-03-05,32.019081592559814
2021-03-06,31.633354266484577
2021-03-07,33.057709058125816
2021-03-08,32.276272773742676
2021-03-09,33.394017457962036
2021-03-10,33.375768502553306
2021-03-11,34.01604278882345
2021-03-12,29.725419362386067
2021-03-13,30.120710770289104
2021-03-14,31.80697576204936
2021-03-15,32.97168231010437
2021-03-16,33.043598095575966
2021-03-17,34.006359020868935
2021-03-18,34.63942805926005
2021-03-19,32.73420190811157
2021-03-20,33.85892860094706
2021-03-21,34.48324720064799
2021-03-22,34.45390383402506
2021-03-23,33.37182227770487
2021-03-24,33.63809116681417
2021-03-25,32.9220183690389
2021-03-26,33.376763025919594
2021-03-27,35.07521176338196
2021-03-28,36.46268637975057
2021-03-29,38.44008000691732
2021-03-30,38.94949531555176
2021-03-31,36.96436516443888
2021-04-01,35.8086568514506
2021-04-02,35.915997902552284
2021-04-03,36.5961811542511
2021-04-04,37.68384393056234
2021-04-05,38.94238249460856
2021-04-06,39.43033615748087
2021-04-07,38.323120991388954
2021-04-08,38.06915728251139
2021-04-09,37.247039000193276
2021-04-10,37.8538978099823
2021-04-11,38.47128709157308
2021-04-12,38.87901337941488
2021-04-13,39.76577186584473
2021-04-14,40.37098773320516
2021-04-15,38.95189746220907
2021-04-16,39.52097988128662
2021-04-17,36.23940666516622
2021-04-18,37.07193875312805
2021-04-19,38.58110507329305
2021-04-20,38.22318410873413
2021-04-21,35.03997588157654
2021-04-22,33.84140865008036
2021-04-23,36.591506560643516
2021-04-24,37.041112661361694
2021-04-25,37.4409867922465
2021-04-26,39.212944984436035
2021-04-27,40.67970577875773
2021-04-28,41.64176591237386
2021-04-29,40.42224391301473
2021-04-30,39.39149777094523
2021-05-01,39.56715854008993
2021-05-02,36.25090297063192
2021-05-03,35.76313328742981
2021-05-04,38.31569210688273
2021-05-05,37.09586636225382
2021-05-06,37.76711559295654
2021-05-07,35.39949345588684
2021-05-08,37.35634366671244
2021-05-09,37.39443230628967
2021-05-10,36.266681591669716
2021-05-11,36.92027815183004
2021-05-12,35.82553195953369
2021-05-13,32.62694072723389
2021-05-14,36.30163558324178
2021-05-15,37.28948450088501
2021-05-16,39.19857168197632
2021-05-17,35.45945930480957
2021-05-18,31.36861276626587
2021-05-19,28.47768513361613
2021-05-20,29.3464039961497
2021-05-21,32.64928778012594
2021-05-22,35.68869503339132
2021-05-23,36.251388231913246
2021-05-24,36.924732287724815
2021-05-25,37.66180372238159
2021-05-26,37.695990006128945
2021-05-27,35.88978521029154
2021-05-28,33.76230080922445
2021-05-29,33.90732757250468
2021-05-30,36.74254004160563
2021-05-31,38.504421393076576
2021-06-01,34.91386834780375
2021-06-02,36.52334705988566
2021-06-03,38.09319798151652
2021-06-04,38.42009178797404
2021-06-05,37.67703835169474
2021-06-06,38.51946338017782
2021-06-07,39.51505374908447
2021-06-08,40.08642069498698
2021-06-09,37.87998660405477
2021-06-10,33.91052063306173
2021-06-11,35.58419609069824
2021-06-12,34.0811665058136
2021-06-13,33.42444880803426
2021-06-14,33.5592425664266
2021-06-15,34.404052337010704
2021-06-16,34.02145767211914
2021-06-17,33.732971588770546
2021-06-18,31.794745683670044
2021-06-19,30.839981396993
2021-06-20,32.66835387547811
2021-06-21,34.553720792134605
2021-06-22,36.33599328994751
2021-06-23,35.75728782018026
2021-06-24,35.357505003611244
2021-06-25,35.27850786844889
2021-06-26,35.29286789894104
2021-06-27,35.55605379740397
2021-06-28,37.049789905548096
2021-06-29,38.464037577311196
2021-06-30,38.83704169591268
2021-07-01,38.40898036956787
2021-07-02,37.57500966389974
2021-07-03,36.56330235799154
2021-07-04,37.52774429321289
2021-07-05,38.21695454915365
2021-07-06,38.87908109029134
2021-07-07,38.62780030568441
2021-07-08,35.73711617787679
2021-07-09,35.80705944697062
2021-07-10,36.61596663792928
2021-07-11,34.977741718292236
2021-07-12,34.82077272733053
2021-07-13,35.50750835736593
2021-07-14,35.84674406051636
2021-07-15,35.87207539876302
2021-07-16,37.22247918446859
2021-07-17,35.77356823285421
2021-07-18,31.87942894299825
2021-07-19,31.495261987050373
2021-07-20,31.791704177856445
2021-07-21,32.024340867996216
2021-07-22,32.05488212903341
2021-07-23,34.24800682067871
2021-07-24,34.049470822016396
2021-07-25,34.24448672930399
2021-07-26,32.64226746559143
2021-07-27,31.008440415064495
2021-07-28,29.22808114687602
2021-07-29,29.83292492230733
2021-07-30,30.9188555876414
2021-07-31,31.881128708521526
2021-08-01,31.05003277460734
2021-08-02,30.853462775548298
2021-08-03,31.11172604560852
2021-08-04,31.770529588063557
2021-08-05,32.57181056340536
2021-08-06,33.77510531743368
2021-08-07,33.23080603281657
2021-08-08,32.78743894894918
2021-08-09,31.779823144276936
2021-08-10,32.244054873784386
2021-08-11,32.45590845743815
2021-08-12,32.68537529309591
2021-08-13,33.766300996144615
2021-08-14,33.9765145778656
2021-08-15,34.96952772140503
2021-08-16,35.61208391189575
2021-08-17,35.59223556518555
2021-08-18,35.04572423299154
2021-08-19,33.855883518854775
2021-08-20,31.991628885269165
2021-08-21,31.66555730501811
2021-08-22,33.55251948038737
2021-08-23,33.61316275596619
2021-08-24,32.669639905293785
2021-08-25,33.27134378751119
2021-08-26,32.54607343673706
2021-08-27,32.522786140441895
2021-08-28,32.88492862383524
2021-08-29,31.807433525721233
2021-08-30,31.99020528793335
2021-08-31,32.10838961601257
2021-09-01,33.0361328125
2021-09-02,33.64786307017008
2021-09-03,33.56827116012573
2021-09-04,33.40334407488505
2021-09-05,34.13948074976603
2021-09-06,34.32664664586385
2021-09-07,33.657439947128296
2021-09-08,32.10807100931803
2021-09-09,33.023003578186035
2021-09-10,32.59780160586039
2021-09-11,32.5173134803772
2021-09-12,33.64456129074097
2021-09-13,33.93478727340698
2021-09-14,32.790053288141884
2021-09-15,30.238255103429157
2021-09-16,28.522969961166382
2021-09-17,28.848243713378906
2021-09-18,31.722462336222332
2021-09-19,33.35575215021769
2021-09-20,33.8471904595693
2021-09-21,33.31737263997396
2021-09-22,31.83620611826579
2021-09-23,31.79039978981018
2021-09-24,31.649101575215656
2021-09-25,31.544512907663982
2021-09-26,32.4965013662974
2021-09-27,33.55861989657084
2021-09-28,33.55686068534851
2021-09-29,33.42051068941752
2021-09-30,32.80497566858927
2021-10-01,32.520681301752724
2021-10-02,32.66975315411886
2021-10-03,33.71180240313212
2021-10-04,34.104617516199745
2021-10-05,33.71273032824198
2021-10-06,33.816693703333534
2021-10-07,34.03747566541036
2021-10-08,33.96759088834127
2021-10-09,34.41873518625895
2021-10-10,34.83839782079061
2021-10-11,34.53262758255005
2021-10-12,34.58576067288717
2021-10-13,34.19261678059896
2021-10-14,33.744224548339844
2021-10-15,34.73935572306315
2021-10-16,35.27988624572754
2021-10-17,32.46954623858134
2021-10-18,28.250227689743042
2021-10-19,28.89207394917806
2021-10-20,30.685656944910686
2021-10-21,31.312739213307697
2021-10-22,31.649296442667644
2021-10-23,31.730956157048542
2021-10-24,30.90827965736389
2021-10-25,30.441617329915363
2021-10-26,29.760952790578205
2021-10-27,29.40167435010274
2021-10-28,29.461570183436077
2021-10-29,29.859507242838543
2021-10-30,29.759669701258343
2021-10-31,29.93717320760091
2021-11-01,30.241126537322998
2021-11-02,30.030327796936035
2021-11-03,29.595650672912598
2021-11-04,29.593819220860798
2021-11-05,29.216952085494995
2021-11-06,28.66668152809143
2021-11-07,28.488404512405396
2021-11-08,28.693321148554485
2021-11-09,28.95323944091797
2021-11-10,28.973385254542034
2021-11-11,28.611254453659058
2021-11-12,28.556832949320476
2021-11-13,28.16729799906413
2021-11-14,28.10172430674235
2021-11-15,27.082314491271973
2021-11-16,27.35564637184143
2021-11-17,27.12990442911784
2021-11-18,26.328538417816162
2021-11-19,26.75185537338257
2021-11-20,26.003989855448406
2021-11-21,28.519179423650105
2021-11-22,28.19473210970561
2021-11-23,28.063270648320515
2021-11-24,28.054829676946003
2021-11-25,26.798136075337727
2021-11-26,26.90208872159322
2021-11-27,26.759490728378296
2021-11-28,27.128875335057575
2021-11-29,26.877805789311726
2021-11-30,25.92472195625305
2021-12-01,24.383848031361897
2021-12-02,23.440812349319458
2021-12-03,24.098509550094604
2021-12-04,26.701615810394287
2021-12-05,26.233007828394573
2021-12-06,25.729785601298016
2021-12-07,25.720268964767456
2021-12-08,25.352464119593304
2021-12-09,24.339433272679646
2021-12-10,24.006495396296184
2021-12-11,23.865636189778645
2021-12-12,23.707120418548584
2021-12-13,22.985274871190388
2021-12-14,22.839077075322468
2021-12-15,23.499475876490276
2021-12-16,23.093682686487835
2021-12-17,21.786077857017517
2021-12-18,19.8277268409729
2021-12-19,20.059785048166912
2021-12-20,21.05299750963847
2021-12-21,22.335798660914104
2021-12-22,23.31659468015035
2021-12-23,23.381864229838055
2021-12-24,24.12317172686259
2021-12-25,23.521364053090412
2021-12-26,22.057871023813885
2021-12-27,22.42640741666158
2021-12-28,18.222195029258728
2021-12-29,18.162835121154785
2021-12-30,18.459674159685772
2021-12-31,18.763758659362793
2022-01-01,18.977664947509766
2022-01-02,19.823745886484783
2022-01-03,20.9846297899882
2022-01-04,21.63569911321004
2022-01-05,18.840614676475525
2022-01-06,17.975618441899616
2022-01-07,19.40396475791931
2022-01-08,19.11812710762024
2022-01-09,17.850512901941936
2022-01-10,19.038516799608868
2022-01-11,19.185450196266174
2022-01-12,19.0879088640213
2022-01-13,18.45889675617218
2022-01-14,17.880030910174053
2022-01-15,16.469459533691406
2022-01-16,15.720994154612223
2022-01-17,15.38993513584137
2022-01-18,14.839523593584696
2022-01-19,15.643559535344442
2022-01-20,17.83048931757609
2022-01-21,19.541727304458618
2022-01-22,17.83945123354594
2022-01-23,18.063169916470844
2022-01-24,17.708097616831463
2022-01-25,17.558486580848694
2022-01-26,17.51136000951131
2022-01-27,17.726908087730408
2022-01-28,19.516826073328655
2022-01-29,21.317721207936604
2022-01-30,22.92575764656067
2022-01-31,21.45022428035736
2022-02-01,21.699260632197063
2022-02-02,21.35877521832784
2022-02-03,20.865672826766968
2022-02-04,18.19859727223714
2022-02-05,19.337817231814068
2022-02-06,21.351919094721477
2022-02-07,23.147530635197956
2022-02-08,24.36564286549886
2022-02-09,21.472782293955486
2022-02-10,21.9806969165802
2022-02-11,22.68610668182373
2022-02-12,24.144041299819946
2022-02-13,24.384238243103027
2022-02-14,24.696073532104492
2022-02-15,24.759869654973347
2022-02-16,25.487202962239582
2022-02-17,26.443585952123005
2022-02-18,27.253662586212158
2022-02-19,27.056594848632812
2022-02-20,25.82412052154541
2022-02-21,26.38593355814616
2022-02-22,27.69786787033081
2022-02-23,27.340537865956623
2022-02-24,26.885992527008057
2022-02-25,27.34762954711914
2022-02-26,25.499621709187824
2022-02-27,26.666649262110393
2022-02-28,26.0523362159729
2022-03-01,26.85010528564453
2022-03-02,27.78740159670512
2022-03-03,28.838475465774536
2022-03-04,29.20008699099223
2022-03-05,28.190213044484455
2022-03-06,28.873427549997967
2022-03-07,29.840859174728394
2022-03-08,30.563759167989094
2022-03-09,31.569974422454834
2022-03-10,30.42950177192688
2022-03-11,31.0821430683136
2022-03-12,31.488428990046184
2022-03-13,32.57365687688192
2022-03-14,33.971515814463295
2022-03-15,34.65779344240824
2022-03-16,35.12461010615031
2022-03-17,35.15882706642151
2022-03-18,35.46586084365845
2022-03-19,36.08334565162659
2022-03-20,36.87863596280416
2022-03-21,36.89032610257467
2022-03-22,36.02811002731323
2022-03-23,35.8284117380778
2022-03-24,36.035682678222656
2022-03-25,36.36453088124593
2022-03-26,36.03666067123413
2022-03-27,36.96661035219828
2022-03-28,38.318792502085365
2022-03-29,38.992385387420654
2022-03-30,38.96259832382202
2022-03-31,39.43038511276245
2022-04-01,38.63655026753744
2022-04-02,38.562262852986656
2022-04-03,39.55044857660929
2022-04-04,40.259581565856934
2022-04-05,40.03730901082357
2022-04-06,40.30242808659872
2022-04-07,40.39393329620361
2022-04-08,40.996899445851646
2022-04-09,41.51870552698771
2022-04-10,40.81704521179199
2022-04-11,40.93297338485718
2022-04-12,39.49889341990153
2022-04-13,39.72794898351034
2022-04-14,39.994616190592446
2022-04-15,39.790566762288414
2022-04-16,40.4101243019104
2022-04-17,40.888794898986816
2022-04-18,41.848776976267494
2022-04-19,41.37679751714071
2022-04-20,40.7094529469808
2022-04-21,37.548742373784386
2022-04-22,38.876075426737465
2022-04-23,40.14654223124186
2022-04-24,40.52699851989746
2022-04-25,41.075954596201576
2022-04-26,41.18665599822998
2022-04-27,41.876580556233726
2022-04-28,42.34787082672119
2022-04-29,42.67832295099894
2022-04-30,41.57621431350708
2022-05-01,39.715797424316406
2022-05-02,39.04877599080404
2022-05-03,38.356263955434166
2022-05-04,38.22441021601359
2022-05-05,36.792606830596924
2022-05-06,38.230870405832924
2022-05-07,38.91891590754191
2022-05-08,39.017398039499916
2022-05-09,38.18601735432943
2022-05-10,38.42709302902222
2022-05-11,39.051416873931885
2022-05-12,40.31045373280843
2022-05-13,42.07016928990682
2022-05-14,42.16095511118571
2022-05-15,42.917152086893715
2022-05-16,41.490350564320885
2022-05-17,40.99757877985636
2022-05-18,41.21213706334432
2022-05-19,42.27086019515991
2022-05-20,42.3991371790568
2022-05-21,40.26335827509562
2022-05-22,37.860474586486816
2022-05-23,34.12061993281046
2022-05-24,32.968451499938965
2022-05-25,35.40794006983439
2022-05-26,37.52807903289795
2022-05-27,38.794700384140015
2022-05-28,39.56947104136149
2022-05-29,38.81854565938314
2022-05-30,39.67083168029785
2022-05-31,40.818623542785645
2022-06-01,41.51354138056437
2022-06-02,41.93650515874227
2022-06-03,42.68716828028361
2022-06-04,43.29547309875488
2022-06-05,43.28363958994547
2022-06-06,42.694563706715904
2022-06-07,42.35786056518555
2022-06-08,42.39754819869995
2022-06-09,42.42501417795817
2022-06-10,41.915714263916016
2022-06-11,42.15243721008301
2022-06-12,41.5128542582194
2022-06-13,41.856942335764565
2022-06-14,41.45473575592041
2022-06-15,41.30265919367472
2022-06-16,37.892279624938965
2022-06-17,36.89312640825907
2022-06-18,35.06587735811869
2022-06-19,35.0583975315094
2022-06-20,34.29930822054545
2022-06-21,35.17440414428711
2022-06-22,36.92348837852478
2022-06-23,37.82388687133789
2022-06-24,38.46880054473877
2022-06-25,38.4587836265564
2022-06-26,37.98404089609782
2022-06-27,38.05849154790243
2022-06-28,38.22179985046387
2022-06-29,33.44808260599772
2022-06-30,29.47686990102132
2022-07-01,34.01959784825643
2022-07-02,33.581847508748375
2022-07-03,34.959702014923096
2022-07-04,36.40243593851725
2022-07-05,36.99944178263346
2022-07-06,36.69611326853434
2022-07-07,36.608652114868164
2022-07-08,37.461026668548584
2022-07-09,35.0549369653066
2022-07-10,35.45061723391215
2022-07-11,36.53441874186198
2022-07-12,36.151618321736656
2022-07-13,36.983346700668335
2022-07-14,37.08617536226908
2022-07-15,36.787481943766274
2022-07-16,36.28162479400635
2022-07-17,36.35257172584534
2022-07-18,36.72376743952433
2022-07-19,36.88842519124349
2022-07-20,33.99447202682495
2022-07-21,31.08771848678589
2022-07-22,31.823094606399536
2022-07-23,33.18466718991598
2022-07-24,33.90333604812622
2022-07-25,32.17656898498535
2022-07-26,32.23603574434916
2022-07-27,31.530613740285236
2022-07-28,31.256784518559773
2022-07-29,31.767248074213665
2022-07-30,31.046629667282104
2022-07-31,32.38714122772217
2022-08-01,33.37626886367798
2022-08-02,33.10046656926473
2022-08-03,33.011152267456055
2022-08-04,32.487868865331016
2022-08-05,33.76589957873026
2022-08-06,34.221789518992104
2022-08-07,32.22769212722778
2022-08-08,34.73178712526957
2022-08-09,34.537259896596275
2022-08-10,33.685503244400024
2022-08-11,32.068788369496666
2022-08-12,33.07895851135254
2022-08-13,33.5065168539683
2022-08-14,32.4138015906016
2022-08-15,31.439502557118733
2022-08-16,32.36292012532552
2022-08-17,34.2978241443634
2022-08-18,34.04050477345785
2022-08-19,33.749548276265465
2022-08-20,31.474273204803467
2022-08-21,32.349415143330894
2022-08-22,32.87090015411377
2022-08-23,33.26599438985189
2022-08-24,32.51000452041626
2022-08-25,32.41278179486593
2022-08-26,33.39920171101888
2022-08-27,34.219588915506996
2022-08-28,32.23530753453573
2022-08-29,32.47447117169698
2022-08-30,33.85652232170105
2022-08-31,34.70422124862671
2022-09-01,33.87614933649699
2022-09-02,33.53494119644165
2022-09-03,34.45639689763387
2022-09-04,34.949102799097695
2022-09-05,34.56040620803833
2022-09-06,35.009994904200234
2022-09-07,34.93057139714559
2022-09-08,34.67922536532084
2022-09-09,34.86477796236674
2022-09-10,34.55674743652344
2022-09-11,34.118686517079674
2022-09-12,32.682966470718384
2022-09-13,31.22998809814453
2022-09-14,29.641605695088703
2022-09-15,28.772844632466633
2022-09-16,29.430002133051556
2022-09-17,31.005505084991455
2022-09-18,32.45621768633524
2022-09-19,32.98455476760864
2022-09-20,32.17759601275126
2022-09-21,30.489306370417278
2022-09-22,30.473392009735107
2022-09-23,30.54741597175598
2022-09-24,29.158906777699787
2022-09-25,30.373828172683716
2022-09-26,31.769399483998615
2022-09-27,32.68279520670573
2022-09-28,33.249868631362915
2022-09-29,33.64667057991028
2022-09-30,33.685336112976074
2022-10-01,33.097214221954346
2022-10-02,33.46259045600891
2022-10-03,34.05148641268412
2022-10-04,32.27486793200175
2022-10-05,30.65156642595927
2022-10-06,28.983362118403118
2022-10-07,28.59402545293172
2022-10-08,28.579057534535725
2022-10-09,29.66017731030782
2022-10-10,27.65619428952535
2022-10-11,28.017417430877686
2022-10-12,29.86160675684611
2022-10-13,31.03242826461792
2022-10-14,31.349310874938965
2022-10-15,31.369513591130573
2022-10-16,31.40621081988017
2022-10-17,31.510759830474854
2022-10-18,31.47526216506958
2022-10-19,31.571916977564495
2022-10-20,31.98709050814311
2022-10-21,31.804049412409466
2022-10-22,31.607448895772297
2022-10-23,31.338777383168537
2022-10-24,31.272982676823933
2022-10-25,31.065754652023315
2022-10-26,31.662279685338337
2022-10-27,31.61483144760132
2022-10-28,31.2886327902476
2022-10-29,30.64905921618144
2022-10-30,30.612000942230225
2022-10-31,30.934616088867188
2022-11-01,31.14467183748881
2022-11-02,31.219930013020832
2022-11-03,31.16156768798828
2022-11-04,31.231131474177044
2022-11-05,31.15517258644104
2022-11-06,30.5834698677063
2022-11-07,30.77361226081848
2022-11-08,29.980047067006428
2022-11-09,29.233936945597332
2022-11-10,29.091805299123127
2022-11-11,28.47083393732707
2022-11-12,28.472527980804443
2022-11-13,28.235627333323162
2022-11-14,28.65843629837036
2022-11-15,29.138754447301228
2022-11-16,28.64186962445577
2022-11-17,26.893427054087322
2022-11-18,26.43705638249715
2022-11-19,26.615397214889526
2022-11-20,26.86865433057149
2022-11-21,27.636911630630493
2022-11-22,27.64505648612976
2022-11-23,27.3049738407135
2022-11-24,27.110720713933308
2022-11-25,26.98824143409729
2022-11-26,27.285980224609375
2022-11-27,27.419015566507976
2022-11-28,27.129498879114788
2022-11-29,26.84654625256856
2022-11-30,26.449743270874023
2022-12-01,26.190844297409058
2022-12-02,26.040509780248005
2022-12-03,25.773747444152832
2022-12-04,25.61215130488078
2022-12-05,25.023488998413086
2022-12-06,24.60933979352315
2022-12-07,24.47768171628316
2022-12-08,24.649306376775105
2022-12-09,25.702471494674683
2022-12-10,26.055299679438274
2022-12-11,26.96457799275716
2022-12-12,27.238524913787842
2022-12-13,26.11196716626485
2022-12-14,25.188044945398968
2022-12-15,24.440702597300213
2022-12-16,24.308807531992596
2022-12-17,24.284600496292114
2022-12-18,23.99872891108195
2022-12-19,23.50268530845642
2022-12-20,22.42802405357361
2022-12-21,22.30475378036499
2022-12-22,22.925588925679524
2022-12-23,23.58417598406474
2022-12-24,23.147897243499756
2022-12-25,21.349364558855694
2022-12-26,20.17786717414856
2022-12-27,19.777240753173828
2022-12-28,21.323602358500164
2022-12-29,21.111611247062683
2022-12-30,22.68625259399414
2022-12-31,20.14455525080363
2023-01-01,17.981848279635113
2023-01-02,15.636795163154602
2023-01-03,13.995217084884644
2023-01-04,14.64660358428955
2023-01-05,13.889671166737875
2023-01-06,14.736475984255472
2023-01-07,16.365598281224568
2023-01-08,18.015966097513836
2023-01-09,17.908411701520283
2023-01-10,18.70942238966624
2023-01-11,18.86444878578186
2023-01-12,20.430097023646038
2023-01-13,22.59564781188965
2023-01-14,20.746868292490642
2023-01-15,18.602432250976562
2023-01-16,18.95328680674235
2023-01-17,19.122624079386394
2023-01-18,19.59811496734619
2023-01-19,20.862451712290447
2023-01-20,21.56636110941569
2023-01-21,23.244295835494995
2023-01-22,23.55219554901123
2023-01-23,23.896119435628254
2023-01-24,23.670594056447346
2023-01-25,22.144829352696735
2023-01-26,21.676860968271892
2023-01-27,21.077577749888103
2023-01-28,23.075523853302002
2023-01-29,22.20889337857564
2023-01-30,21.08653235435486
2023-01-31,22.43871553738912
2023-02-01,21.460225025812786
2023-02-02,23.487664858500164
2023-02-03,24.238707145055134
2023-02-04,24.983726501464844
2023-02-05,26.00069522857666
2023-02-06,27.110971450805664
2023-02-07,27.05093026161194
2023-02-08,25.373915751775105
2023-02-09,27.517301162083943
2023-02-10,29.52648138999939
2023-02-11,28.563849687576294
2023-02-12,25.90626358985901
2023-02-13,23.718188206354778
2023-02-14,25.35920588175456
2023-02-15,27.015159686406452
2023-02-16,28.121380011240642
2023-02-17,28.083842436472576
2023-02-18,29.372161149978638
2023-02-19,30.21127525965373
2023-02-20,31.428435961405437
2023-02-21,31.879650274912517
2023-02-22,30.744176149368286
2023-02-23,30.428184032440186
2023-02-24,29.610021670659382
2023-02-25,30.39031481742859
2023-02-26,30.694410800933838
2023-02-27,30.776568174362183
2023-02-28,31.222748041152954
2023-03-01,30.754051605860393
2023-03-02,31.477730353673298
2023-03-03,31.914682785669964
2023-03-04,30.65722632408142
2023-03-05,30.772393623987835
2023-03-06,31.098295132319134
2023-03-07,30.032881418863933
2023-03-08,30.391971906026203
2023-03-09,30.031468788782757
2023-03-10,30.574822028477985
2023-03-11,31.57254417737325
2023-03-12,32.52959148089091
2023-03-13,32.87177220980326
2023-03-14,33.178859869639076
2023-03-15,33.6402534643809
2023-03-16,31.094759066899616
2023-03-17,28.976232687632244
2023-03-18,27.513529300689697
2023-03-19,27.16816218694051
2023-03-20,24.930182774861652
2023-03-21,26.092237552007038
2023-03-22,28.31106146176656
2023-03-23,30.63186804453532
2023-03-24,31.617101033528645
2023-03-25,31.264387130737305
2023-03-26,32.03402551015218
2023-03-27,31.44733540217082
2023-03-28,32.30027310053507
2023-03-29,33.51175856590271
2023-03-30,34.27803039550781
2023-03-31,28.602089405059814
2023-04-01,28.922085285186768
2023-04-02,31.204650163650513
2023-04-03,34.20575451850891
2023-04-04,32.89225252469381
2023-04-05,34.122995932896934
2023-04-06,34.64459236462911
2023-04-07,35.18926374117533
2023-04-08,35.44266200065613
2023-04-09,35.916470448176064
2023-04-10,36.3296000957489
2023-04-11,37.14357582728068
2023-04-12,38.16187334060669
2023-04-13,38.773300329844155
2023-04-14,38.68512074152628
2023-04-15,39.27434587478638
2023-04-16,40.07985242207845
2023-04-17,40.79650100072225
2023-04-18,40.82913541793823
2023-04-19,39.97818470001221
2023-04-20,37.91838161150614
2023-04-21,35.75333913167318
2023-04-22,36.15067434310913
2023-04-23,34.01011864344279
2023-04-24,31.682448228200276
2023-04-25,33.148383696873985
2023-04-26,35.27015026410421
2023-04-27,35.51884786287943
2023-04-28,34.47179396947225
2023-04-29,33.12070989608765
2023-04-30,29.244603474934895
2023-05-01,29.273900111516316
2023-05-02,29.910500367482502
2023-05-03,30.922519365946453
2023-05-04,31.315889358520508
2023-05-05,34.096233447392784
2023-05-06,36.28325970967611
2023-05-07,37.7254254023234
2023-05-08,37.32298453648885
2023-05-09,38.48258185386658
2023-05-10,38.58199683825175
2023-05-11,38.439817587534584
2023-05-12,39.95051749547323
2023-05-13,40.22664451599121
2023-05-14,40.461305936177574
2023-05-15,39.485905488332115
2023-05-16,39.42486000061035
2023-05-17,40.434507846832275
2023-05-18,38.190112272898354
2023-05-19,38.95537789662679
2023-05-20,40.319721698760986
2023-05-21,42.10152546564738
2023-05-22,41.892056941986084
2023-05-23,40.56164995829264
2023-05-24,37.16759578386942
2023-05-25,35.09155321121216
2023-05-26,33.392009258270264
2023-05-27,34.224157094955444
2023-05-28,35.965967098871864
2023-05-29,36.46113975842794
2023-05-30,37.50532897313436
2023-05-31,36.0763258934021
2023-06-01,36.87250669797262
2023-06-02,37.3249606291453
2023-06-03,38.50063951810201
2023-06-04,38.8658250172933
2023-06-05,38.785205682118736
2023-06-06,39.16165288289388
2023-06-07,40.07159694035848
2023-06-08,40.908500830332436
2023-06-09,41.19238313039144
2023-06-10,41.12283976872762
2023-06-11,40.39927593866984
2023-06-12,41.024607022603355
2023-06-13,41.90755573908488
2023-06-14,41.28868261973063
2023-06-15,40.38478310902914
2023-06-16,40.74304644266764
2023-06-17,40.85412788391113
2023-06-18,39.37854448954264
2023-06-19,37.775332609812416
2023-06-20,35.82008099555969
2023-06-21,35.34352389971415
2023-06-22,34.97105097770691
2023-06-23,35.627003033955894
2023-06-24,36.31234351793925
2023-06-25,33.707494576772056
2023-06-26,34.038259188334145
2023-06-27,34.205382108688354
2023-06-28,33.69897063573202
2023-06-29,31.768157641092937
2023-06-30,30.908063809076946
2023-07-01,32.436794678370156
2023-07-02,33.68038725852966
2023-07-03,35.065059979756676
2023-07-04,34.46840182940165
2023-07-05,33.52600121498108
2023-07-06,33.7232608795166
2023-07-07,33.05091985066732
2023-07-08,32.012036164601646
2023-07-09,32.677916844685875
2023-07-10,32.69933223724365
2023-07-11,32.69426759084066
2023-07-12,33.46749464670817
2023-07-13,33.336933294932045
2023-07-14,33.60409927368164
2023-07-15,32.342151721318565
2023-07-16,33.231098651885986
2023-07-17,33.59424630800883
2023-07-18,33.70056907335917
2023-07-19,35.023258129755654
2023-07-20,36.46004676818848
2023-07-21,36.39799149831136
2023-07-22,34.825737396876015
2023-07-23,35.11121908823649
2023-07-24,35.53584869702657
2023-07-25,33.78012156486511
2023-07-26,33.737718979517616
2023-07-27,34.46592624982198
2023-07-28,34.612204472223915
2023-07-29,32.56903568903605
2023-07-30,33.43796785672506
2023-07-31,34.168204148610435
2023-08-01,34.00690412521362
2023-08-02,31.85509165128072
2023-08-03,32.64561994870504
2023-08-04,31.3973712126414
2023-08-05,31.682863632837932
2023-08-06,31.939685185750324
2023-08-07,32.125999450683594
2023-08-08,32.43636051813761
2023-08-09,31.86694558461507
2023-08-10,32.723084926605225
2023-08-11,33.593196868896484
2023-08-12,33.73384213447571
2023-08-13,31.836137771606445
2023-08-14,32.39113052686056
2023-08-15,34.338761727015175
2023-08-16,35.25284139315287
2023-08-17,34.23900055885315
2023-08-18,34.284862200419106
2023-08-19,33.96473670005798
2023-08-20,34.640933990478516
2023-08-21,34.58416517575582
2023-08-22,31.506478627522785
2023-08-23,29.618082602818806
2023-08-24,30.225119193394978
2023-08-25,32.430541356404625
2023-08-26,33.336243311564125
2023-08-27,33.69717733065287
2023-08-28,33.36956675847372
2023-08-29,34.13337469100952
2023-08-30,34.80465165774027
2023-08-31,35.3481547832489
2023-09-01,35.94232257207235
2023-09-02,35.96874078114828
2023-09-03,36.15269525845846
2023-09-04,35.69758574167887
2023-09-05,34.32088057200114
2023-09-06,33.4102840423584
2023-09-07,33.77132097880045
2023-09-08,32.049365758895874
2023-09-09,29.792730728785198
2023-09-10,30.755845467249554
2023-09-11,31.168120702107746
2023-09-12,32.65519960721334
2023-09-13,33.74807341893514
2023-09-14,34.30825630823771
2023-09-15,32.69172120094299
2023-09-16,32.517056941986084
2023-09-17,31.5905278523763
2023-09-18,33.38333662350973
2023-09-19,34.31829229990641
2023-09-20,33.86631631851196
2023-09-21,33.87218721707662
2023-09-22,32.513233264287315
2023-09-23,32.128990252812706
2023-09-24,32.46731130282084
2023-09-25,32.59621254603068
2023-09-26,33.427940448125206
2023-09-27,34.028094132741295
2023-09-28,34.383060455322266
2023-09-29,34.68594495455424
2023-09-30,34.450277964274086
2023-10-01,33.802136262257896
2023-10-02,32.72850728034973
2023-10-03,32.37822381655375
2023-10-04,32.63213245073954
2023-10-05,33.44326122601827
2023-10-06,34.74467372894287
2023-10-07,34.98659420013428
2023-10-08,34.93156989415487
2023-10-09,35.24977986017863
2023-10-10,35.30916174252828
2023-10-11,34.71783804893494
2023-10-12,34.692401011784874
2023-10-13,34.78032946586609
2023-10-14,35.07297499974569
2023-10-15,34.395824591318764
2023-10-16,32.67852997779846
2023-10-17,29.11901871363322
2023-10-18,30.811617453893025
2023-10-19,30.728276252746582
2023-10-20,31.298828601837158
2023-10-21,31.765896876653034
2023-10-22,30.986979564030964
2023-10-23,31.07513427734375
2023-10-24,31.282671610514324
2023-10-25,31.50092140833537
2023-10-26,31.69644029935201
2023-10-27,32.26951416333517
2023-10-28,31.805787801742554
2023-10-29,32.22351884841919
2023-10-30,32.342595974604286
2023-10-31,31.936254421869915
2023-11-01,31.802014191945393
2023-11-02,31.477349758148193
2023-11-03,31.126440048217773
2023-11-04,30.710041046142578
2023-11-05,30.748984893163044
2023-11-06,30.77251402537028
2023-11-07,30.488684097925823
2023-11-08,30.7581844329834
2023-11-09,30.955673535664875
2023-11-10,28.587245384852093
2023-11-11,28.057549556096394
2023-11-12,28.65863053003947
2023-11-13,28.467310667037964
2023-11-14,27.918296655019123
2023-11-15,28.288544098536175
2023-11-16,28.454954862594604
2023-11-17,29.113319317499798
2023-11-18,29.18935481707255
2023-11-19,28.8158966700236
2023-11-20,28.527138471603394
2023-11-21,27.885534524917603
2023-11-22,27.37238883972168
2023-11-23,27.490548610687256
2023-11-24,27.387226343154907
2023-11-25,27.347389062245686
2023-11-26,26.892778158187866
2023-11-27,23.722879489262898
2023-11-28,24.774850368499756
2023-11-29,26.62149739265442
2023-11-30,23.780171314875286
2023-12-01,24.923859278361004
2023-12-02,25.94607679049174
2023-12-03,27.267478624979656
2023-12-04,23.48985226949056
2023-12-05,24.275145053863525
2023-12-06,24.914366324742634
2023-12-07,23.66483799616496
2023-12-08,24.907655954360962
2023-12-09,24.85512113571167
2023-12-10,24.59399112065633
2023-12-11,24.65953294436137
2023-12-12,24.20560161272685
2023-12-13,24.029425462086994
2023-12-14,24.52107850710551
2023-12-15,24.7954527537028
2023-12-16,24.154016653696697
2023-12-17,23.56422797838847
2023-12-18,23.18090057373047
2023-12-19,22.8501029809316
2023-12-20,22.589232603708904
2023-12-21,23.419256289800007
2023-12-22,23.11894702911377
2023-12-23,24.45482595761617
2023-12-24,25.434531450271606
2023-12-25,24.54539092381795
2023-12-26,23.87542732556661
2023-12-27,23.392560879389446
2023-12-28,19.354687611262005
2023-12-29,17.788413564364117
2023-12-30,16.8213107585907
2023-12-31,17.07790454228719
