date,average_tmin
2017-01-01,10.153378466765085
2017-01-02,10.191440264383951
2017-01-03,10.283576607704163
2017-01-04,9.266044855117798
2017-01-05,8.873158474763235
2017-01-06,9.533494671185812
2017-01-07,10.394182205200195
2017-01-08,10.21790991226832
2017-01-09,9.502454260985056
2017-01-10,8.26534503698349
2017-01-11,5.027779370546341
2017-01-12,3.6056020259857178
2017-01-13,3.360945542653402
2017-01-14,3.5969967345396676
2017-01-15,5.713113784790039
2017-01-16,7.632985234260559
2017-01-17,8.036054074764252
2017-01-18,7.063654402891795
2017-01-19,7.228002210458119
2017-01-20,7.9478005568186445
2017-01-21,8.051676472028097
2017-01-22,8.993980288505554
2017-01-23,10.006287654240927
2017-01-24,10.748420039812723
2017-01-25,11.346265117327372
2017-01-26,12.137198527654013
2017-01-27,13.1109037399292
2017-01-28,9.30844360589981
2017-01-29,10.090683499972025
2017-01-30,9.276539524396261
2017-01-31,9.416644295056662
2017-02-01,9.870666801929474
2017-02-02,9.818642258644104
2017-02-03,9.350752234458923
2017-02-04,10.81516440709432
2017-02-05,12.136965672175089
2017-02-06,12.529287576675415
2017-02-07,10.442531645298004
2017-02-08,9.130623896916708
2017-02-09,9.38030336300532
2017-02-10,9.439695020516714
2017-02-11,8.546103537082672
2017-02-12,10.356477280457815
2017-02-13,10.947390973567963
2017-02-14,10.902745445569357
2017-02-15,9.743170301119486
2017-02-16,11.401651899019877
2017-02-17,12.816829681396484
2017-02-18,13.05070416132609
2017-02-19,14.108513116836548
2017-02-20,14.837931911150614
2017-02-21,15.377557118733725
2017-02-22,12.457487861315409
2017-02-23,11.047981003920237
2017-02-24,9.960195819536844
2017-02-25,10.269531965255737
2017-02-26,11.055302381515503
2017-02-27,10.850707014401754
2017-02-28,11.689972758293152
2017-03-01,14.325558741887411
2017-03-02,15.249193549156189
2017-03-03,14.21257746219635
2017-03-04,13.597827911376953
2017-03-05,12.359910051027933
2017-03-06,11.269708812236786
2017-03-07,11.869434793790182
2017-03-08,14.753814538319906
2017-03-09,14.69487476348877
2017-03-10,14.671745578447977
2017-03-11,12.521117468674978
2017-03-12,10.2088041305542
2017-03-13,9.366783102353414
2017-03-14,9.62745181719462
2017-03-15,11.541364550590515
2017-03-16,12.571268479029337
2017-03-17,14.239792386690775
2017-03-18,13.830219825108847
2017-03-19,15.246915539105734
2017-03-20,14.521377801895142
2017-03-21,14.557383934656778
2017-03-22,16.222062706947327
2017-03-23,17.71644635995229
2017-03-24,19.572059869766235
2017-03-25,18.826030890146892
2017-03-26,19.061540444691975
2017-03-27,19.200560728708904
2017-03-28,20.19132137298584
2017-03-29,21.192269961039226
2017-03-30,21.148298422495525
2017-03-31,20.95091168085734
2017-04-01,21.368292888005573
2017-04-02,21.427253087361652
2017-04-03,21.106361230214436
2017-04-04,21.94432282447815
2017-04-05,22.044812361399334
2017-04-06,22.30733625094096
2017-04-07,21.918888767560322
2017-04-08,19.858617663383484
2017-04-09,18.61894730726878
2017-04-10,17.397051175435383
2017-04-11,17.760940392812092
2017-04-12,18.754538377126057
2017-04-13,19.792046348253887
2017-04-14,21.4106543858846
2017-04-15,22.06547490755717
2017-04-16,21.769639492034912
2017-04-17,23.35508457819621
2017-04-18,24.020848592122395
2017-04-19,25.0529305934906
2017-04-20,24.636880079905193
2017-04-21,25.153867801030476
2017-04-22,25.80181360244751
2017-04-23,25.07067807515462
2017-04-24,22.842518885930378
2017-04-25,23.881047010421753
2017-04-26,23.08411979675293
2017-04-27,22.481924136479694
2017-04-28,22.31254045168559
2017-04-29,23.051048517227173
2017-04-30,23.924844980239868
2017-05-01,22.32793124516805
2017-05-02,21.692807753880818
2017-05-03,22.70366319020589
2017-05-04,24.266563018163044
2017-05-05,23.266263405481975
2017-05-06,23.843567609786987
2017-05-07,24.643909136454266
2017-05-08,26.53984038035075
2017-05-09,24.165859540303547
2017-05-10,25.073802709579468
2017-05-11,25.115947246551514
2017-05-12,26.43878634770711
2017-05-13,25.896849234898884
2017-05-14,26.70119547843933
2017-05-15,27.28802450497945
2017-05-16,27.306504329045612
2017-05-17,26.350528637568157
2017-05-18,23.37197748819987
2017-05-19,25.44100046157837
2017-05-20,24.828343947728474
2017-05-21,25.960079669952393
2017-05-22,25.129565636316936
2017-05-23,25.294480323791504
2017-05-24,25.6415061155955
2017-05-25,26.819432973861694
2017-05-26,26.997305870056152
2017-05-27,25.150391896565754
2017-05-28,25.397257884343464
2017-05-29,22.439949830373127
2017-05-30,23.62036879857381
2017-05-31,24.799253543217976
2017-06-01,24.666027704874676
2017-06-02,25.063043196996052
2017-06-03,26.340778191884358
2017-06-04,28.463170766830444
2017-06-05,30.278556664784748
2017-06-06,27.844836791356403
2017-06-07,24.712647279103596
2017-06-08,25.544195969899494
2017-06-09,25.18251673380534
2017-06-10,25.824928442637127
2017-06-11,26.151979287465412
2017-06-12,25.829534928003948
2017-06-13,26.63906216621399
2017-06-14,27.326417922973633
2017-06-15,25.968066930770874
2017-06-16,25.58008925120036
2017-06-17,24.86924123764038
2017-06-18,26.191449801127117
2017-06-19,26.574910640716553
2017-06-20,25.47249436378479
2017-06-21,24.144422849019367
2017-06-22,24.227723836898804
2017-06-23,25.049240668614704
2017-06-24,26.622469425201416
2017-06-25,27.798176209131878
2017-06-26,27.562862873077393
2017-06-27,27.856996297836304
2017-06-28,26.5994238058726
2017-06-29,25.14739998181661
2017-06-30,25.402337789535522
2017-07-01,25.896363496780396
2017-07-02,25.698317289352417
2017-07-03,25.82086435953776
2017-07-04,25.77290654182434
2017-07-05,24.382424751917522
2017-07-06,24.90984320640564
2017-07-07,25.29162049293518
2017-07-08,26.13191358248393
2017-07-09,26.569568395614624
2017-07-10,25.408448378245037
2017-07-11,24.62712574005127
2017-07-12,24.47287130355835
2017-07-13,24.725067615509033
2017-07-14,25.512933492660522
2017-07-15,26.192751328150432
2017-07-16,26.429495175679524
2017-07-17,26.17408299446106
2017-07-18,26.33015235265096
2017-07-19,27.12811764081319
2017-07-20,25.585766394933064
2017-07-21,25.633869806925457
2017-07-22,25.457945744196575
2017-07-23,25.327261606852215
2017-07-24,24.837986787160236
2017-07-25,24.554261207580566
2017-07-26,24.622753381729126
2017-07-27,25.113621552785236
2017-07-28,25.356784264246624
2017-07-29,25.47642429669698
2017-07-30,25.21655027071635
2017-07-31,25.342373530069988
2017-08-01,25.55600078900655
2017-08-02,25.61092519760132
2017-08-03,25.361073573430378
2017-08-04,25.527271509170532
2017-08-05,25.858854214350384
2017-08-06,26.157554308573406
2017-08-07,26.153856197992962
2017-08-08,25.659934123357136
2017-08-09,25.954464038213093
2017-08-10,25.522543509801228
2017-08-11,25.574307441711426
2017-08-12,25.439858118693035
2017-08-13,25.24550191561381
2017-08-14,24.964540878931682
2017-08-15,25.533945163091023
2017-08-16,26.046128908793133
2017-08-17,26.30620463689168
2017-08-18,26.211968580881756
2017-08-19,25.74902908007304
2017-08-20,25.737568537394207
2017-08-21,26.011223951975506
2017-08-22,26.191752831141155
2017-08-23,26.11463737487793
2017-08-24,24.69746168454488
2017-08-25,25.03757111231486
2017-08-26,24.962503910064697
2017-08-27,24.96034900347392
2017-08-28,24.565133889516193
2017-08-29,25.507960001627605
2017-08-30,25.37068184216817
2017-08-31,25.253898461659748
2017-09-01,24.49944607416789
2017-09-02,24.34336264928182
2017-09-03,24.39505648612976
2017-09-04,24.770813862482708
2017-09-05,25.32104778289795
2017-09-06,25.22704068819682
2017-09-07,24.8130141099294
2017-09-08,24.9931587378184
2017-09-09,25.45144287745158
2017-09-10,25.665872653325398
2017-09-11,25.816271384557087
2017-09-12,25.095896641413372
2017-09-13,25.127763032913208
2017-09-14,25.67373291651408
2017-09-15,25.398631652196247
2017-09-16,25.645424048105877
2017-09-17,25.962326208750408
2017-09-18,25.06748588879903
2017-09-19,24.658749103546143
2017-09-20,25.0640709400177
2017-09-21,24.22350772221883
2017-09-22,24.063701232274372
2017-09-23,23.723074515660603
2017-09-24,23.72795295715332
2017-09-25,23.64893627166748
2017-09-26,24.0387864112854
2017-09-27,24.04443581899007
2017-09-28,24.05533750851949
2017-09-29,23.73806627591451
2017-09-30,23.808519283930462
2017-10-01,23.28143270810445
2017-10-02,22.63012671470642
2017-10-03,22.20313549041748
2017-10-04,22.79365062713623
2017-10-05,23.422555287679035
2017-10-06,23.624141693115234
2017-10-07,22.926271120707195
2017-10-08,22.758959770202637
2017-10-09,22.805411736170452
2017-10-10,22.920045773188274
2017-10-11,22.671853462855022
2017-10-12,22.999974330266316
2017-10-13,22.37909436225891
2017-10-14,21.672972361246746
2017-10-15,19.652903477350872
2017-10-16,19.075618545214336
2017-10-17,18.954545219739277
2017-10-18,19.249632835388184
2017-10-19,20.48754119873047
2017-10-20,22.268327792485554
2017-10-21,21.210620641708374
2017-10-22,19.082655866940815
2017-10-23,18.484657843907673
2017-10-24,17.69433565934499
2017-10-25,16.85316065947215
2017-10-26,17.064927061398823
2017-10-27,17.783981839815777
2017-10-28,16.903469284375507
2017-10-29,17.280908664067585
2017-10-30,16.573254863421123
2017-10-31,16.119165380795796
2017-11-01,16.682552099227905
2017-11-02,16.96577779452006
2017-11-03,16.55196177959442
2017-11-04,16.726711471875507
2017-11-05,16.518986384073894
2017-11-06,16.082244634628296
2017-11-07,15.691149711608887
2017-11-08,15.263668696085611
2017-11-09,14.60936971505483
2017-11-10,14.237315734227499
2017-11-11,13.820271889368692
2017-11-12,13.596372644106546
2017-11-13,13.255462408065796
2017-11-14,13.338310440381369
2017-11-15,14.139186183611551
2017-11-16,15.458306829134623
2017-11-17,15.496739387512207
2017-11-18,15.243366360664368
2017-11-19,14.955465157826742
2017-11-20,13.292991757392883
2017-11-21,10.935672481854757
2017-11-22,10.262662529945374
2017-11-23,9.369192600250244
2017-11-24,8.504847208658854
2017-11-25,8.907005588213602
2017-11-26,9.36863116423289
2017-11-27,9.563339471817017
2017-11-28,9.383065541585287
2017-11-29,9.298031946023306
2017-11-30,9.903284629185995
2017-12-01,9.34062655766805
2017-12-02,9.243714312712351
2017-12-03,9.183333615461985
2017-12-04,9.17928010225296
2017-12-05,11.582777619361877
2017-12-06,12.550536274909973
2017-12-07,12.94109551111857
2017-12-08,11.176620880762735
2017-12-09,9.42945271730423
2017-12-10,9.971709609031677
2017-12-11,10.684569080670675
2017-12-12,12.52718718846639
2017-12-13,12.552454153696695
2017-12-14,11.560946067174276
2017-12-15,10.1086918314298
2017-12-16,9.281332770983378
2017-12-17,7.798564612865448
2017-12-18,7.5169744690259295
2017-12-19,8.566924949487051
2017-12-20,9.730809966723124
2017-12-21,9.95389195283254
2017-12-22,9.99100399017334
2017-12-23,9.508495052655539
2017-12-24,8.184689044952393
2017-12-25,7.817523419857025
2017-12-26,7.819604615370433
2017-12-27,7.743383228778839
2017-12-28,7.566605130831401
2017-12-29,7.772562066713969
2017-12-30,8.053064862887064
2017-12-31,7.880781312783559
2018-01-01,7.472195327281952
2018-01-02,7.961731513341268
2018-01-03,6.776204864184062
2018-01-04,5.960197448730469
2018-01-05,5.573896427949269
2018-01-06,5.160927474498749
2018-01-07,5.39102844397227
2018-01-08,4.774902403354645
2018-01-09,5.204009244839351
2018-01-10,5.760388672351837
2018-01-11,6.3661216497421265
2018-01-12,6.592907031377156
2018-01-13,6.583958526452382
2018-01-14,6.291384597619374
2018-01-15,6.661341488361359
2018-01-16,6.438619673252106
2018-01-17,6.60187182823817
2018-01-18,6.641397913297017
2018-01-19,7.693004329999288
2018-01-20,8.446067233880362
2018-01-21,7.212982952594757
2018-01-22,7.177358110745748
2018-01-23,8.20458714167277
2018-01-24,9.007897218068441
2018-01-25,7.719552556673686
2018-01-26,7.559936384359996
2018-01-27,7.686437090237935
2018-01-28,7.009635766347249
2018-01-29,6.538110752900441
2018-01-30,7.8408637046813965
2018-01-31,9.785758097966513
2018-02-01,9.55469318230947
2018-02-02,10.336889624595642
2018-02-03,10.747548262278238
2018-02-04,10.189515590667725
2018-02-05,9.153736452261606
2018-02-06,10.509746154149374
2018-02-07,10.988775173823038
2018-02-08,8.291935861110687
2018-02-09,8.501878678798676
2018-02-10,7.807357549667358
2018-02-11,9.5793403784434
2018-02-12,12.659080664316813
2018-02-13,11.52282186349233
2018-02-14,10.931570192178091
2018-02-15,9.688980281352997
2018-02-16,10.458197951316833
2018-02-17,11.466482122739157
2018-02-18,11.292317668596903
2018-02-19,10.815567155679068
2018-02-20,10.927933096885681
2018-02-21,11.682427207628885
2018-02-22,13.226703842480978
2018-02-23,14.289576808611551
2018-02-24,15.679658015569052
2018-02-25,16.612220684687298
2018-02-26,15.082621812820435
2018-02-27,13.801984031995138
2018-02-28,14.639013528823853
2018-03-01,15.3332439661026
2018-03-02,15.978104909261068
2018-03-03,15.849581480026245
2018-03-04,16.033289353052776
2018-03-05,15.25209935506185
2018-03-06,13.969847917556763
2018-03-07,13.15250543753306
2018-03-08,13.545827627182007
2018-03-09,13.86677614847819
2018-03-10,15.053501884142557
2018-03-11,15.146068851153055
2018-03-12,15.163507978121439
2018-03-13,15.495320121447245
2018-03-14,15.902039686838785
2018-03-15,18.752036968866985
2018-03-16,16.166863401730854
2018-03-17,15.812070568402609
2018-03-18,14.37950607140859
2018-03-19,14.702235102653503
2018-03-20,16.361331184705097
2018-03-21,17.612928986549377
2018-03-22,17.206597487131756
2018-03-23,16.670803904533386
2018-03-24,16.775563915570576
2018-03-25,16.924956440925598
2018-03-26,16.668309569358826
2018-03-27,16.92464331785838
2018-03-28,17.372409264246624
2018-03-29,18.16739257176717
2018-03-30,18.28203046321869
2018-03-31,17.780585050582886
2018-04-01,19.181747158368427
2018-04-02,19.542145530382793
2018-04-03,20.419782956441242
2018-04-04,20.962855021158855
2018-04-05,21.075363953908283
2018-04-06,21.317315260569256
2018-04-07,19.9870787858963
2018-04-08,20.19009343783061
2018-04-09,20.985896190007526
2018-04-10,20.102832794189453
2018-04-11,21.013803323109943
2018-04-12,18.951391339302063
2018-04-13,19.057868083318073
2018-04-14,19.2563720146815
2018-04-15,20.562906503677368
2018-04-16,21.876901706059773
2018-04-17,22.79316322008769
2018-04-18,22.30479343732198
2018-04-19,21.927355527877808
2018-04-20,22.775495926539104
2018-04-21,22.207370400428772
2018-04-22,21.435665488243103
2018-04-23,19.76202094554901
2018-04-24,19.04053823153178
2018-04-25,20.31138563156128
2018-04-26,22.798105875651043
2018-04-27,23.337453603744507
2018-04-28,24.63709568977356
2018-04-29,24.290156682332356
2018-04-30,22.399789492289226
2018-05-01,23.40095583597819
2018-05-02,24.416745901107788
2018-05-03,20.242200136184692
2018-05-04,22.268459796905518
2018-05-05,23.987412850062054
2018-05-06,24.923075755437214
2018-05-07,24.22936741511027
2018-05-08,24.15744670232137
2018-05-09,22.77688753604889
2018-05-10,22.658239364624023
2018-05-11,23.582642157872517
2018-05-12,25.557681798934937
2018-05-13,26.481274048487347
2018-05-14,21.928733984629314
2018-05-15,24.1210040251414
2018-05-16,25.34091583887736
2018-05-17,24.98781394958496
2018-05-18,25.98039412498474
2018-05-19,25.869786580403645
2018-05-20,25.396564483642578
2018-05-21,25.743718306223553
2018-05-22,26.421264092127483
2018-05-23,27.32813302675883
2018-05-24,27.170381863911945
2018-05-25,25.852552970250446
2018-05-26,25.550718148549397
2018-05-27,26.646132310231526
2018-05-28,27.06753134727478
2018-05-29,26.16748301188151
2018-05-30,26.254724899927776
2018-05-31,26.48062793413798
2018-06-01,26.468150695164997
2018-06-02,24.455679019292194
2018-06-03,26.2373104095459
2018-06-04,28.06870444615682
2018-06-05,28.853688319524128
2018-06-06,27.92787790298462
2018-06-07,27.843029578526814
2018-06-08,28.33363954226176
2018-06-09,26.492957989374798
2018-06-10,25.32685462633769
2018-06-11,26.793003877003986
2018-06-12,28.240185737609863
2018-06-13,28.2084477742513
2018-06-14,27.863168478012085
2018-06-15,27.982506036758423
2018-06-16,27.85746963818868
2018-06-17,27.79758056004842
2018-06-18,27.111472924550373
2018-06-19,26.393991549809773
2018-06-20,27.864871104558308
2018-06-21,28.693249305089314
2018-06-22,29.308394988377888
2018-06-23,27.77952814102173
2018-06-24,28.096957604090374
2018-06-25,28.437891880671184
2018-06-26,26.887893279393513
2018-06-27,24.811397234598797
2018-06-28,24.74453552563985
2018-06-29,25.52134680747986
2018-06-30,25.915047645568848
2018-07-01,26.56057397524516
2018-07-02,25.99978764851888
2018-07-03,25.659247716267902
2018-07-04,25.163397153218586
2018-07-05,25.6217622756958
2018-07-06,26.122581561406452
2018-07-07,27.159955263137817
2018-07-08,27.75536521275838
2018-07-09,28.148065487543743
2018-07-10,27.285898844401043
2018-07-11,27.320113976796467
2018-07-12,25.717533588409424
2018-07-13,25.677056312561035
2018-07-14,25.44913061459859
2018-07-15,26.02231740951538
2018-07-16,26.820005575815838
2018-07-17,27.01834003130595
2018-07-18,26.759490092595417
2018-07-19,26.329652388890583
2018-07-20,25.867388168970745
2018-07-21,25.45850332578023
2018-07-22,25.384390592575073
2018-07-23,25.19706153869629
2018-07-24,25.674806197484333
2018-07-25,25.11526934305827
2018-07-26,24.313435633977253
2018-07-27,23.968921422958374
2018-07-28,24.22463123003642
2018-07-29,24.620055198669434
2018-07-30,24.17267672220866
2018-07-31,23.794562339782715
2018-08-01,23.616708755493164
2018-08-02,24.394057512283325
2018-08-03,24.614161888758343
2018-08-04,25.077249844868977
2018-08-05,25.25497802098592
2018-08-06,24.72170654932658
2018-08-07,24.52552890777588
2018-08-08,24.915250221888225
2018-08-09,25.54531979560852
2018-08-10,26.112615982691448
2018-08-11,26.09054907162984
2018-08-12,25.284554322560627
2018-08-13,25.105854511260986
2018-08-14,25.384244124094646
2018-08-15,25.858723084131878
2018-08-16,25.28785729408264
2018-08-17,26.210628747940063
2018-08-18,26.418486833572388
2018-08-19,26.181281089782715
2018-08-20,25.33594338099162
2018-08-21,25.525623083114624
2018-08-22,25.860625982284546
2018-08-23,25.184519688288372
2018-08-24,24.91051483154297
2018-08-25,24.347588857014973
2018-08-26,24.387481451034546
2018-08-27,25.091078758239746
2018-08-28,25.558958212534588
2018-08-29,25.218530019124348
2018-08-30,25.055516401926678
2018-08-31,24.572314023971558
2018-09-01,24.147663831710815
2018-09-02,24.325860579808552
2018-09-03,24.053362131118774
2018-09-04,24.092325766881306
2018-09-05,24.21684964497884
2018-09-06,24.421055634816486
2018-09-07,24.086721499760944
2018-09-08,24.032512346903484
2018-09-09,23.55375560124715
2018-09-10,23.61244289080302
2018-09-11,24.07788149515788
2018-09-12,24.152957836786907
2018-09-13,23.6953387260437
2018-09-14,23.572601318359375
2018-09-15,23.92409086227417
2018-09-16,23.811895211537678
2018-09-17,23.759508848190308
2018-09-18,23.508518934249878
2018-09-19,23.306654930114746
2018-09-20,23.455802122751873
2018-09-21,23.715692281723022
2018-09-22,23.185858567555744
2018-09-23,23.280609607696533
2018-09-24,23.475970188776653
2018-09-25,22.86170729001363
2018-09-26,22.72133231163025
2018-09-27,22.985076427459717
2018-09-28,22.81829317410787
2018-09-29,22.080264886220295
2018-09-30,21.560891548792522
2018-10-01,21.36879014968872
2018-10-02,21.411436398824055
2018-10-03,21.436604499816895
2018-10-04,21.85587731997172
2018-10-05,21.50755516688029
2018-10-06,20.983966668446858
2018-10-07,20.259984572728474
2018-10-08,19.798552354176838
2018-10-09,19.9242418607076
2018-10-10,20.729028860727947
2018-10-11,20.91323693593343
2018-10-12,19.4332994222641
2018-10-13,19.061068654060364
2018-10-14,17.873631358146667
2018-10-15,16.90842334429423
2018-10-16,17.400914589564007
2018-10-17,18.160218079884846
2018-10-18,18.39198402563731
2018-10-19,18.219115416208904
2018-10-20,18.089420398076374
2018-10-21,18.102508346239727
2018-10-22,17.235947092374165
2018-10-23,15.69600741068522
2018-10-24,15.035385211308798
2018-10-25,15.461008906364441
2018-10-26,15.73036285241445
2018-10-27,15.597490270932516
2018-10-28,15.818016091982523
2018-10-29,15.456576506296793
2018-10-30,15.698782761891684
2018-10-31,16.45235200723012
2018-11-01,16.503732562065125
2018-11-02,16.591171145439148
2018-11-03,17.108210841814678
2018-11-04,17.556639909744263
2018-11-05,16.082200090090435
2018-11-06,14.590357263882956
2018-11-07,11.883160750071207
2018-11-08,11.449949304262796
2018-11-09,11.699971199035645
2018-11-10,12.313489119211832
2018-11-11,12.854791045188904
2018-11-12,13.32594096660614
2018-11-13,14.222055435180664
2018-11-14,15.416167060534159
2018-11-15,14.858088731765747
2018-11-16,14.491774201393127
2018-11-17,12.188271601994833
2018-11-18,11.60992674032847
2018-11-19,13.2064901192983
2018-11-20,13.042081991831461
2018-11-21,12.992727438608805
2018-11-22,12.010947187741598
2018-11-23,12.26862613360087
2018-11-24,11.93195915222168
2018-11-25,11.189411282539368
2018-11-26,11.212660551071167
2018-11-27,11.637938221295675
2018-11-28,13.095987955729166
2018-11-29,12.415099859237671
2018-11-30,12.257676800092062
2018-12-01,11.263348579406738
2018-12-02,10.225932916005453
2018-12-03,10.025429050127665
2018-12-04,9.662123699982962
2018-12-05,9.997843345006308
2018-12-06,9.354036271572113
2018-12-07,8.816587249437967
2018-12-08,8.328532338142395
2018-12-09,8.291575968265533
2018-12-10,8.513063053290049
2018-12-11,9.389939864476522
2018-12-12,10.263039668401083
2018-12-13,9.824916064739227
2018-12-14,9.3596244653066
2018-12-15,8.116249442100525
2018-12-16,6.779002050558726
2018-12-17,7.350919485092163
2018-12-18,7.928629080454509
2018-12-19,6.775665859381358
2018-12-20,6.146617869536082
2018-12-21,5.868503073851268
2018-12-22,5.420511345068614
2018-12-23,5.740574578444163
2018-12-24,5.995929320653279
2018-12-25,5.965629766384761
2018-12-26,5.7064487636089325
2018-12-27,5.5956441561381025
2018-12-28,5.166271050771077
2018-12-29,4.138567378123601
2018-12-30,4.15538763999939
2018-12-31,4.819427500168483
2019-01-01,5.315350313981374
2019-01-02,6.821422358353932
2019-01-03,6.408291061719258
2019-01-04,6.7245713869730634
2019-01-05,8.10746298233668
2019-01-06,8.967011292775473
2019-01-07,9.0004141330719
2019-01-08,8.15385091304779
2019-01-09,7.021237909793854
2019-01-10,5.9480220079422
2019-01-11,6.3936090270678205
2019-01-12,6.635562876860301
2019-01-13,8.293340027332306
2019-01-14,8.160909593105316
2019-01-15,5.410540044307709
2019-01-16,4.8536742230256396
2019-01-17,5.21978082259496
2019-01-18,5.641703287760417
2019-01-19,6.422409137090047
2019-01-20,8.046740969022116
2019-01-21,9.96506110827128
2019-01-22,12.17446780204773
2019-01-23,11.570264478524527
2019-01-24,10.40606693426768
2019-01-25,10.825777769088745
2019-01-26,9.280865252017975
2019-01-27,8.08588789900144
2019-01-28,6.099043279886246
2019-01-29,5.191382020711899
2019-01-30,5.328986932833989
2019-01-31,7.796935419241588
2019-02-01,9.794736166795095
2019-02-02,9.190823833147684
2019-02-03,9.359127740065256
2019-02-04,8.964294910430908
2019-02-05,9.777931650479635
2019-02-06,11.686022599538168
2019-02-07,13.386285265286764
2019-02-08,10.437626580397287
2019-02-09,8.644356906414032
2019-02-10,7.032529989878337
2019-02-11,7.965857783953349
2019-02-12,9.427098115285238
2019-02-13,10.62971838315328
2019-02-14,13.476925094922384
2019-02-15,13.461496988932291
2019-02-16,12.469118237495422
2019-02-17,10.138338367144266
2019-02-18,10.765406866868338
2019-02-19,12.788343707720438
2019-02-20,13.905269424120585
2019-02-21,13.979449113210043
2019-02-22,15.5105482339859
2019-02-23,12.198008239269257
2019-02-24,10.572049756844839
2019-02-25,9.823765714963278
2019-02-26,11.0060915350914
2019-02-27,11.208670457204184
2019-02-28,8.344861964384714
2019-03-01,8.06198126077652
2019-03-02,10.228964845339457
2019-03-03,12.205530285835266
2019-03-04,11.855455160140991
2019-03-05,12.943816741307577
2019-03-06,11.263252317905426
2019-03-07,10.344059665997824
2019-03-08,11.188870747884115
2019-03-09,12.957460959752401
2019-03-10,12.97042977809906
2019-03-11,13.886778235435486
2019-03-12,14.693874875704447
2019-03-13,15.351059118906656
2019-03-14,15.50723671913147
2019-03-15,13.813844402631124
2019-03-16,12.979775230089823
2019-03-17,13.965786576271057
2019-03-18,13.53330155213674
2019-03-19,13.706252694129944
2019-03-20,14.835637092590332
2019-03-21,16.09922118981679
2019-03-22,15.835217754046122
2019-03-23,14.611267367998758
2019-03-24,15.234362761179606
2019-03-25,17.167322476704914
2019-03-26,17.060553749402363
2019-03-27,15.586203932762146
2019-03-28,16.531955242156982
2019-03-29,18.04064917564392
2019-03-30,19.71089704831441
2019-03-31,20.67038408915202
2019-04-01,18.25206418832143
2019-04-02,16.60581382115682
2019-04-03,17.845950444539387
2019-04-04,19.42681849002838
2019-04-05,20.638844172159832
2019-04-06,22.579312801361084
2019-04-07,21.518053849538166
2019-04-08,21.58359702428182
2019-04-09,21.000463763872784
2019-04-10,21.548967202504475
2019-04-11,22.234607934951782
2019-04-12,22.814615329106648
2019-04-13,22.891668160756428
2019-04-14,22.649799346923828
2019-04-15,23.2590336004893
2019-04-16,23.567307949066162
2019-04-17,18.659918546676636
2019-04-18,17.66808482011159
2019-04-19,18.984110474586487
2019-04-20,19.453388611475628
2019-04-21,20.139841119448345
2019-04-22,21.102660258611042
2019-04-23,22.788360118865967
2019-04-24,24.565507491429646
2019-04-25,25.200087706247967
2019-04-26,24.724257389704388
2019-04-27,24.666294018427532
2019-04-28,23.456403414408367
2019-04-29,23.533318678538006
2019-04-30,23.800065596898396
2019-05-01,25.18609396616618
2019-05-02,25.4299422899882
2019-05-03,24.299030780792236
2019-05-04,22.89950116475423
2019-05-05,22.721749862035114
2019-05-06,22.712758382161457
2019-05-07,22.682476043701172
2019-05-08,24.687695741653442
2019-05-09,25.651745478312176
2019-05-10,26.37803641955058
2019-05-11,24.770985682805378
2019-05-12,24.739868640899658
2019-05-13,24.686290582021076
2019-05-14,23.509079933166504
2019-05-15,23.425934473673504
2019-05-16,23.89781602223714
2019-05-17,24.15984098116557
2019-05-18,23.522956768671673
2019-05-19,23.17484776178996
2019-05-20,23.88339312871297
2019-05-21,24.595545053482056
2019-05-22,26.11402090390523
2019-05-23,26.259610573450725
2019-05-24,26.357780933380127
2019-05-25,25.352504809697468
2019-05-26,24.32871675491333
2019-05-27,25.066741545995075
2019-05-28,25.51645867029826
2019-05-29,25.46338454882304
2019-05-30,26.54034463564555
2019-05-31,27.882689317067463
2019-06-01,27.84936809539795
2019-06-02,28.4653480052948
2019-06-03,26.717976490656536
2019-06-04,27.15540297826131
2019-06-05,28.34131685892741
2019-06-06,28.821364402770996
2019-06-07,25.581846475601196
2019-06-08,27.785802523295086
2019-06-09,27.26199460029602
2019-06-10,27.81186858812968
2019-06-11,28.953049818674724
2019-06-12,28.175381501515705
2019-06-13,27.033907572428387
2019-06-14,27.283704439798992
2019-06-15,28.303216377894085
2019-06-16,28.80762465794881
2019-06-17,26.70614457130432
2019-06-18,24.956005414326984
2019-06-19,25.515772342681885
2019-06-20,25.045400619506836
2019-06-21,26.692659457524616
2019-06-22,26.58604820569356
2019-06-23,25.931103229522705
2019-06-24,26.58466974894206
2019-06-25,27.055956681569416
2019-06-26,27.162400881449383
2019-06-27,27.004154523213703
2019-06-28,27.09317445755005
2019-06-29,27.753148078918457
2019-06-30,27.129584630330402
2019-07-01,26.710996627807617
2019-07-02,27.522265911102295
2019-07-03,26.40121539433797
2019-07-04,27.50825564066569
2019-07-05,27.382820924123127
2019-07-06,25.02652859687805
2019-07-07,25.096346855163574
2019-07-08,25.267701784769695
2019-07-09,24.869882822036743
2019-07-10,24.76129388809204
2019-07-11,25.48157278696696
2019-07-12,25.49372927347819
2019-07-13,26.48242712020874
2019-07-14,26.399957577387493
2019-07-15,26.04169487953186
2019-07-16,24.92726484934489
2019-07-17,25.18524972597758
2019-07-18,25.980670770009358
2019-07-19,26.30997411410014
2019-07-20,26.899096568425495
2019-07-21,26.71227486928304
2019-07-22,26.62960934638977
2019-07-23,27.50596022605896
2019-07-24,26.89164972305298
2019-07-25,24.31874410311381
2019-07-26,24.63523777325948
2019-07-27,24.68017594019572
2019-07-28,25.042617003122967
2019-07-29,25.69522754351298
2019-07-30,25.790732860565186
2019-07-31,25.73620915412903
2019-08-01,26.1958327293396
2019-08-02,26.170361121495564
2019-08-03,25.821994225184124
2019-08-04,26.50894872347514
2019-08-05,26.500242233276367
2019-08-06,25.646852016448975
2019-08-07,24.706775188446045
2019-08-08,25.963544527689617
2019-08-09,25.597076257069904
2019-08-10,25.45434792836507
2019-08-11,26.100162982940674
2019-08-12,26.246216138203938
2019-08-13,25.798818111419678
2019-08-14,25.33437482515971
2019-08-15,25.142009099324543
2019-08-16,24.7777099609375
2019-08-17,24.800164302190144
2019-08-18,24.82384506861369
2019-08-19,24.767587105433147
2019-08-20,24.869961579640705
2019-08-21,25.050388018290203
2019-08-22,24.562706470489502
2019-08-23,24.665672063827515
2019-08-24,24.847879489262898
2019-08-25,24.84360186258952
2019-08-26,24.542163133621216
2019-08-27,25.6549977461497
2019-08-28,25.934082349141438
2019-08-29,26.426769336064655
2019-08-30,25.675307750701904
2019-08-31,26.103781779607136
2019-09-01,25.71994121869405
2019-09-02,25.456302165985107
2019-09-03,26.114450375239056
2019-09-04,25.95258363087972
2019-09-05,26.352938890457153
2019-09-06,26.295186122258503
2019-09-07,26.0173122882843
2019-09-08,25.83925159772237
2019-09-09,25.9720557530721
2019-09-10,26.066519419352215
2019-09-11,26.008219718933105
2019-09-12,26.124066750208538
2019-09-13,25.102580547332764
2019-09-14,25.023130973180134
2019-09-15,25.142959992090862
2019-09-16,25.35446810722351
2019-09-17,24.96745204925537
2019-09-18,23.89047654469808
2019-09-19,23.505836248397827
2019-09-20,23.605108102162678
2019-09-21,24.24758219718933
2019-09-22,23.17441765467326
2019-09-23,23.340579986572266
2019-09-24,23.169799327850342
2019-09-25,23.61865218480428
2019-09-26,23.24645161628723
2019-09-27,22.94867507616679
2019-09-28,22.528223355611164
2019-09-29,22.449987490971882
2019-09-30,21.980789025624592
2019-10-01,22.05953820546468
2019-10-02,22.124031623204548
2019-10-03,22.03410569826762
2019-10-04,22.226529995600384
2019-10-05,21.753162781397503
2019-10-06,21.648820002873737
2019-10-07,21.546818097432453
2019-10-08,20.879974285761516
2019-10-09,20.73788595199585
2019-10-10,20.673006852467854
2019-10-11,20.070239186286926
2019-10-12,19.931704600652058
2019-10-13,19.92363103230794
2019-10-14,19.93105133374532
2019-10-15,20.140685002009075
2019-10-16,19.985613584518433
2019-10-17,20.07031257947286
2019-10-18,20.192580699920654
2019-10-19,20.48043982187907
2019-10-20,20.84413210550944
2019-10-21,19.606883764266968
2019-10-22,17.80707820256551
2019-10-23,17.989975889523823
2019-10-24,17.695518215497334
2019-10-25,18.019047657648724
2019-10-26,17.701905528704327
2019-10-27,17.58903928597768
2019-10-28,18.093237082163494
2019-10-29,18.343430399894714
2019-10-30,19.07562800248464
2019-10-31,17.75871189435323
2019-11-01,17.52222279707591
2019-11-02,17.675411065419514
2019-11-03,19.150994817415874
2019-11-04,18.439286867777508
2019-11-05,17.192895770072937
2019-11-06,15.326060930887857
2019-11-07,16.064645131429035
2019-11-08,15.898543000221252
2019-11-09,15.675718307495117
2019-11-10,15.385860125223795
2019-11-11,14.479424436887106
2019-11-12,13.764684955279032
2019-11-13,14.05128033955892
2019-11-14,14.997533599535624
2019-11-15,14.13723107179006
2019-11-16,14.730532844861349
2019-11-17,14.763323267300924
2019-11-18,13.86630098025004
2019-11-19,12.80407702922821
2019-11-20,12.666667103767395
2019-11-21,12.766775528589884
2019-11-22,12.647586305936178
2019-11-23,13.491802215576172
2019-11-24,13.488282720247904
2019-11-25,13.752834757169088
2019-11-26,13.703221480051676
2019-11-27,14.119988838831583
2019-11-28,14.734641273816427
2019-11-29,13.998381972312927
2019-11-30,12.906349857648214
2019-12-01,12.64459216594696
2019-12-02,11.808043996493021
2019-12-03,10.13327286640803
2019-12-04,8.62415381272634
2019-12-05,8.79653682311376
2019-12-06,9.411491870880127
2019-12-07,10.857981204986572
2019-12-08,10.019380311171213
2019-12-09,10.048599163691202
2019-12-10,9.219069878260294
2019-12-11,9.218748291333517
2019-12-12,11.780391891797384
2019-12-13,13.479812582333883
2019-12-14,11.989903529485067
2019-12-15,11.616256376107534
2019-12-16,10.344438374042511
2019-12-17,9.922280192375183
2019-12-18,8.059828658898672
2019-12-19,6.652369101842244
2019-12-20,6.658462246259053
2019-12-21,7.743113656838735
2019-12-22,8.271117369333902
2019-12-23,8.127869784832
2019-12-24,8.355935176213583
2019-12-25,7.617624799410502
2019-12-26,6.654521743456523
2019-12-27,5.2528805534044904
2019-12-28,3.244344194730123
2019-12-29,4.534089048703511
2019-12-30,3.738899737596512
2019-12-31,3.273838092883428
2020-01-01,5.088712930679321
2020-01-02,8.043523132801056
2020-01-03,10.59054128328959
2020-01-04,9.33793842792511
2020-01-05,8.776895741621653
2020-01-06,8.354487816492716
2020-01-07,10.269880294799805
2020-01-08,11.210506757100424
2020-01-09,9.476210097471872
2020-01-10,6.209373792012532
2020-01-11,5.24279656012853
2020-01-12,5.74232433239619
2020-01-13,8.065101325511932
2020-01-14,9.71806538105011
2020-01-15,9.44103197256724
2020-01-16,11.465448319911957
2020-01-17,11.469772398471832
2020-01-18,10.1894810795784
2020-01-19,9.658609767754873
2020-01-20,7.253648221492767
2020-01-21,7.4833529988924665
2020-01-22,7.378371934096019
2020-01-23,8.164089779059092
2020-01-24,6.998039960861206
2020-01-25,6.302351633707683
2020-01-26,7.03862323363622
2020-01-27,7.8854231635729475
2020-01-28,10.784999867280325
2020-01-29,11.461861610412598
2020-01-30,9.458606660366058
2020-01-31,7.469443698724111
2020-02-01,6.8367964923381805
2020-02-02,7.01653923590978
2020-02-03,6.851180871327718
2020-02-04,7.401750137408574
2020-02-05,7.988097627957662
2020-02-06,7.544866263866425
2020-02-07,7.342451294263204
2020-02-08,7.083683023850123
2020-02-09,6.992470363775889
2020-02-10,7.163432916005452
2020-02-11,7.117430190245311
2020-02-12,8.345314820607504
2020-02-13,11.086745659510294
2020-02-14,12.385661005973816
2020-02-15,10.650481700897217
2020-02-16,9.91826299826304
2020-02-17,10.343015909194946
2020-02-18,10.376975953578949
2020-02-19,10.041612764199575
2020-02-20,13.490264972050985
2020-02-21,14.461281736691793
2020-02-22,13.602946241696676
2020-02-23,13.327117204666138
2020-02-24,13.227329532305399
2020-02-25,12.886861244837442
2020-02-26,11.811532338460287
2020-02-27,12.984593272209167
2020-02-28,13.789660414059957
2020-02-29,15.211585203806559
2020-03-01,14.433770577112833
2020-03-02,14.55371352036794
2020-03-03,15.199856479962667
2020-03-04,14.917767445246378
2020-03-05,15.225218733151754
2020-03-06,14.880098899205526
2020-03-07,14.016465822855631
2020-03-08,12.766657392183939
2020-03-09,12.703434864679972
2020-03-10,12.800491889317831
2020-03-11,14.217036445935568
2020-03-12,15.304271022478739
2020-03-13,16.02246884504954
2020-03-14,14.487557172775269
2020-03-15,13.371091564496359
2020-03-16,13.416076819101969
2020-03-17,13.337423046429953
2020-03-18,13.650315682093302
2020-03-19,15.10423449675242
2020-03-20,15.57250432173411
2020-03-21,17.18297227223714
2020-03-22,15.514825344085693
2020-03-23,16.578896522521973
2020-03-24,17.434151649475098
2020-03-25,18.10065762201945
2020-03-26,19.51070737838745
2020-03-27,18.95890788237254
2020-03-28,16.437286972999573
2020-03-29,16.716345111529034
2020-03-30,16.08991201718648
2020-03-31,16.541561047236126
2020-04-01,18.126012563705444
2020-04-02,18.94649600982666
2020-04-03,16.872126420338947
2020-04-04,16.25441853205363
2020-04-05,16.667259216308594
2020-04-06,18.046920379002888
2020-04-07,18.919394691785175
2020-04-08,20.271066506703693
2020-04-09,18.683725158373516
2020-04-10,18.406901399294537
2020-04-11,19.46332248051961
2020-04-12,20.297983447710674
2020-04-13,20.80627687772115
2020-04-14,22.542187611262005
2020-04-15,22.993579149246216
2020-04-16,22.297462701797485
2020-04-17,23.266978581746418
2020-04-18,22.368599772453308
2020-04-19,21.70053807894389
2020-04-20,21.522299249966938
2020-04-21,19.08670139312744
2020-04-22,20.21004803975423
2020-04-23,21.95356289545695
2020-04-24,21.354275584220886
2020-04-25,22.482430458068848
2020-04-26,22.088258028030396
2020-04-27,19.53667374451955
2020-04-28,20.45111147562663
2020-04-29,21.43531099955241
2020-04-30,22.825339396794636
2020-05-01,21.948530832926433
2020-05-02,22.073165893554688
2020-05-03,23.318181037902832
2020-05-04,21.75360377629598
2020-05-05,21.64877947171529
2020-05-06,20.809224605560303
2020-05-07,20.51965339978536
2020-05-08,21.726662794748943
2020-05-09,23.65490961074829
2020-05-10,24.593329191207886
2020-05-11,20.450385014216106
2020-05-12,23.01121719678243
2020-05-13,23.71053123474121
2020-05-14,23.150117079416912
2020-05-15,24.557987292607624
2020-05-16,24.286134560902912
2020-05-17,23.740275303522747
2020-05-18,24.107734203338623
2020-05-19,23.288739681243896
2020-05-20,23.293490886688232
2020-05-21,23.111700137456257
2020-05-22,23.76609508196513
2020-05-23,25.775800625483196
2020-05-24,27.536171197891235
2020-05-25,27.13847541809082
2020-05-26,27.36811327934265
2020-05-27,28.129333972930908
2020-05-28,26.554043610890705
2020-05-29,24.579423983891804
2020-05-30,24.818299293518066
2020-05-31,22.761141538619995
2020-06-01,23.79581634203593
2020-06-02,24.28664795557658
2020-06-03,25.24111882845561
2020-06-04,24.904436429341633
2020-06-05,21.937162319819134
2020-06-06,22.067725896835327
2020-06-07,24.193027416865032
2020-06-08,25.03492530186971
2020-06-09,26.480566104253132
2020-06-10,27.413197994232178
2020-06-11,27.990716218948364
2020-06-12,27.91199604670207
2020-06-13,28.296603123346966
2020-06-14,27.552963097890217
2020-06-15,27.28729049364726
2020-06-16,26.7309996287028
2020-06-17,26.69885714848836
2020-06-18,27.02769668896993
2020-06-19,26.78653399149577
2020-06-20,26.448174715042114
2020-06-21,25.65618133544922
2020-06-22,25.763035376866657
2020-06-23,26.540696779886883
2020-06-24,26.445122400919598
2020-06-25,26.501540899276733
2020-06-26,25.990519682566326
2020-06-27,25.80188528696696
2020-06-28,26.10795307159424
2020-06-29,25.739728927612305
2020-06-30,25.451688130696613
2020-07-01,27.113335212071735
2020-07-02,27.374948898951214
2020-07-03,27.89095147450765
2020-07-04,27.042994896570843
2020-07-05,25.363898674647015
2020-07-06,25.82252828280131
2020-07-07,25.256254116694134
2020-07-08,25.857630888621014
2020-07-09,26.396729628245037
2020-07-10,26.189866224924724
2020-07-11,25.590163230895996
2020-07-12,26.144553740819294
2020-07-13,26.160275141398113
2020-07-14,26.208022038141888
2020-07-15,26.28602449099223
2020-07-16,26.788317282994587
2020-07-17,27.405074914296467
2020-07-18,28.070993026097614
2020-07-19,27.033666531244915
2020-07-20,25.27942983309428
2020-07-21,24.31062602996826
2020-07-22,24.519128799438477
2020-07-23,24.93257800738017
2020-07-24,25.732755104700725
2020-07-25,25.93844962120056
2020-07-26,26.082131306330364
2020-07-27,27.080985466639202
2020-07-28,27.221662918726604
2020-07-29,25.495331287384033
2020-07-30,25.43862295150757
2020-07-31,26.046082496643066
2020-08-01,25.99375081062317
2020-08-02,25.869282643000286
2020-08-03,26.407262007395428
2020-08-04,26.482518434524536
2020-08-05,25.922110080718994
2020-08-06,26.731070677439373
2020-08-07,26.150185505549114
2020-08-08,27.133928060531616
2020-08-09,26.77710525194804
2020-08-10,26.555068095525105
2020-08-11,26.713321765263874
2020-08-12,25.725087722142536
2020-08-13,25.521916071573894
2020-08-14,25.628338893254597
2020-08-15,26.097864786783855
2020-08-16,26.112143596013386
2020-08-17,26.23584445317586
2020-08-18,26.86028178532918
2020-08-19,25.491101423899334
2020-08-20,25.415014505386353
2020-08-21,25.12404211362203
2020-08-22,25.383485635121662
2020-08-23,24.834153095881145
2020-08-24,25.071682850519817
2020-08-25,25.594417254130047
2020-08-26,25.809901396433514
2020-08-27,25.0990731716156
2020-08-28,25.501529852549236
2020-08-29,24.92830499013265
2020-08-30,24.80120054880778
2020-08-31,24.901172240575153
2020-09-01,25.36704357465108
2020-09-02,25.649089097976685
2020-09-03,25.539304494857788
2020-09-04,25.584797859191895
2020-09-05,25.820719957351685
2020-09-06,25.808545748392742
2020-09-07,25.955944379170734
2020-09-08,26.10882314046224
2020-09-09,26.165757020314533
2020-09-10,25.909444491068523
2020-09-11,25.761107365290325
2020-09-12,26.21197501818339
2020-09-13,26.26462205251058
2020-09-14,26.37047616640727
2020-09-15,26.36981685956319
2020-09-16,26.30800485610962
2020-09-17,26.37718105316162
2020-09-18,26.645679314931233
2020-09-19,26.398901621500652
2020-09-20,25.8452308177948
2020-09-21,26.215289910634358
2020-09-22,25.710392236709595
2020-09-23,25.158971071243286
2020-09-24,24.52330168088277
2020-09-25,23.70863914489746
2020-09-26,24.027019023895264
2020-09-27,24.105933745702107
2020-09-28,23.523264169692993
2020-09-29,23.237069606781006
2020-09-30,22.697652022043865
2020-10-01,22.08474850654602
2020-10-02,22.211846431096394
2020-10-03,22.3458518187205
2020-10-04,22.285161177317303
2020-10-05,21.479935725529987
2020-10-06,20.76550579071045
2020-10-07,20.973276138305664
2020-10-08,21.24961789449056
2020-10-09,20.863508621851604
2020-10-10,21.03482445081075
2020-10-11,21.048070828119915
2020-10-12,21.30235703786214
2020-10-13,22.327051162719727
2020-10-14,23.15750527381897
2020-10-15,22.953551928202312
2020-10-16,21.88757332166036
2020-10-17,21.290679693222046
2020-10-18,20.62099266052246
2020-10-19,20.13433237870534
2020-10-20,19.04212001959483
2020-10-21,18.17064869403839
2020-10-22,18.78463860352834
2020-10-23,18.77648115158081
2020-10-24,17.56915032863617
2020-10-25,16.876086195309956
2020-10-26,16.897290468215942
2020-10-27,15.957854469617208
2020-10-28,15.211155811945597
2020-10-29,14.919392903645834
2020-10-30,14.871309757232666
2020-10-31,15.366843183835348
2020-11-01,15.59634002049764
2020-11-02,14.02331272761027
2020-11-03,12.943384051322937
2020-11-04,12.310107628504435
2020-11-05,12.607460339864096
2020-11-06,12.515662590662638
2020-11-07,12.411291559537252
2020-11-08,12.47062083085378
2020-11-09,12.25595498085022
2020-11-10,12.15228815873464
2020-11-11,12.978945970535278
2020-11-12,13.861330270767212
2020-11-13,14.925782124201456
2020-11-14,14.07830282052358
2020-11-15,14.604816754659018
2020-11-16,15.170456449190775
2020-11-17,14.309109369913736
2020-11-18,14.492625991503397
2020-11-19,14.459364374478659
2020-11-20,13.185185392697653
2020-11-21,11.227886279424032
2020-11-22,9.104738255341848
2020-11-23,8.741346816221872
2020-11-24,8.775974452495575
2020-11-25,10.30458390712738
2020-11-26,11.456450780232748
2020-11-27,11.323745767275492
2020-11-28,10.528939008712769
2020-11-29,9.81639971335729
2020-11-30,9.681337893009186
2020-12-01,9.781939705212912
2020-12-02,10.098670482635498
2020-12-03,10.328286250432333
2020-12-04,10.40378967920939
2020-12-05,10.915792226791382
2020-12-06,11.5466415087382
2020-12-07,11.750103831291199
2020-12-08,11.661701560020447
2020-12-09,11.26230545838674
2020-12-10,12.138306856155396
2020-12-11,12.320258458455404
2020-12-12,14.142634709676107
2020-12-13,12.9928586880366
2020-12-14,11.165016372998556
2020-12-15,10.135534962018331
2020-12-16,9.877528071403503
2020-12-17,7.43530057867368
2020-12-18,5.359454234441121
2020-12-19,4.714969764153163
2020-12-20,5.374500274658203
2020-12-21,5.956226726373036
2020-12-22,6.78568309545517
2020-12-23,7.244472781817119
2020-12-24,7.316123227278392
2020-12-25,6.816490848859151
2020-12-26,6.685805976390839
2020-12-27,6.741988877455394
2020-12-28,7.9631858468055725
2020-12-29,6.246948719024658
2020-12-30,5.9924593071142835
2020-12-31,5.440075715382894
2021-01-01,5.193988740444183
2021-01-02,6.985971470673879
2021-01-03,10.631698369979858
2021-01-04,12.676401615142822
2021-01-05,13.8493705590566
2021-01-06,13.180099407831827
2021-01-07,12.920074224472046
2021-01-08,11.828715920448303
2021-01-09,12.303048412005106
2021-01-10,12.620533426602682
2021-01-11,9.891078074773153
2021-01-12,7.016485611597697
2021-01-13,5.7781787514686584
2021-01-14,5.3662030299504595
2021-01-15,6.276904265085856
2021-01-16,6.428882439931233
2021-01-17,7.903120517730713
2021-01-18,7.807854990164439
2021-01-19,9.236046751340231
2021-01-20,9.478692412376404
2021-01-21,8.268636643886566
2021-01-22,7.630970915158589
2021-01-23,8.920442322889963
2021-01-24,9.260008792082468
2021-01-25,8.827572286128998
2021-01-26,7.497070610523224
2021-01-27,6.1757865746816
2021-01-28,5.616174439589183
2021-01-29,6.348293900489807
2021-01-30,5.109183102846146
2021-01-31,4.72856937845548
2021-02-01,5.931041916211446
2021-02-02,7.18872332572937
2021-02-03,8.848544001579285
2021-02-04,10.787901043891907
2021-02-05,10.356816927591959
2021-02-06,9.458058913548788
2021-02-07,8.437675674756369
2021-02-08,7.989069283008575
2021-02-09,9.267096598943075
2021-02-10,10.199273705482483
2021-02-11,10.467642863591513
2021-02-12,11.036208470662435
2021-02-13,11.00138501326243
2021-02-14,10.93564228216807
2021-02-15,10.920141259829203
2021-02-16,12.089120109875997
2021-02-17,11.917569915453592
2021-02-18,12.308545708656311
2021-02-19,11.976394613583883
2021-02-20,11.714706699053446
2021-02-21,11.689769824345907
2021-02-22,11.981659531593323
2021-02-23,12.618489583333334
2021-02-24,13.174263993899027
2021-02-25,13.926275809605917
2021-02-26,15.405348658561707
2021-02-27,16.07433609167735
2021-02-28,16.048288981119793
2021-03-01,14.530241131782532
2021-03-02,13.40965191523234
2021-03-03,12.686120589574179
2021-03-04,12.5674569606781
2021-03-05,14.155354619026184
2021-03-06,14.295011401176453
2021-03-07,14.651475230852762
2021-03-08,17.108601450920105
2021-03-09,17.56097900867462
2021-03-10,17.32646934191386
2021-03-11,17.366456031799316
2021-03-12,18.18950088818868
2021-03-13,16.15126673380534
2021-03-14,15.546066363652548
2021-03-15,15.516347726186117
2021-03-16,16.78829848766327
2021-03-17,17.093480467796326
2021-03-18,17.53678596019745
2021-03-19,18.605061372121174
2021-03-20,18.31881554921468
2021-03-21,17.18817909558614
2021-03-22,17.7827246983846
2021-03-23,18.45535413424174
2021-03-24,17.898585716883343
2021-03-25,17.282448252042133
2021-03-26,15.92993406454722
2021-03-27,16.042155464490254
2021-03-28,17.512446880340576
2021-03-29,19.64296046892802
2021-03-30,20.00995381673177
2021-03-31,20.860164165496826
2021-04-01,17.18832540512085
2021-04-02,15.719886183738708
2021-04-03,15.25243870417277
2021-04-04,15.784785787264505
2021-04-05,17.847184777259827
2021-04-06,21.12097938855489
2021-04-07,22.345363696416218
2021-04-08,21.063002427419026
2021-04-09,19.774003545443218
2021-04-10,18.824952205022175
2021-04-11,18.648316423098247
2021-04-12,20.1906582514445
2021-04-13,20.128697951634724
2021-04-14,20.57901159922282
2021-04-15,22.746148109436035
2021-04-16,21.559499502182007
2021-04-17,22.404064138730366
2021-04-18,20.374756654103596
2021-04-19,20.039869904518127
2021-04-20,20.346331040064495
2021-04-21,22.596506635348003
2021-04-22,18.196295499801636
2021-04-23,19.39566659927368
2021-04-24,19.949462890625
2021-04-25,19.670088410377502
2021-04-26,19.345648845036823
2021-04-27,20.220964352289837
2021-04-28,21.798198223114014
2021-04-29,23.906319459279377
2021-04-30,23.914559443791706
2021-05-01,24.27627150217692
2021-05-02,24.34976323445638
2021-05-03,22.806145509084065
2021-05-04,22.589007298151653
2021-05-05,23.147902806599934
2021-05-06,23.73704957962036
2021-05-07,22.255834579467773
2021-05-08,22.679097334543865
2021-05-09,23.443644920984905
2021-05-10,22.380867560704548
2021-05-11,22.496022303899128
2021-05-12,23.518299341201782
2021-05-13,21.07309142748515
2021-05-14,21.265057961146038
2021-05-15,23.12698745727539
2021-05-16,23.478285710016888
2021-05-17,25.630675156911213
2021-05-18,23.448516607284546
2021-05-19,22.039949735005695
2021-05-20,21.720398823420208
2021-05-21,21.222751537958782
2021-05-22,22.491830587387085
2021-05-23,23.73659086227417
2021-05-24,23.767637809117634
2021-05-25,23.42162013053894
2021-05-26,23.97658125559489
2021-05-27,24.73854883511861
2021-05-28,24.25406312942505
2021-05-29,23.72737216949463
2021-05-30,23.836636304855347
2021-05-31,25.317520141601562
2021-06-01,24.346138954162598
2021-06-02,23.491169770558674
2021-06-03,24.626221974690754
2021-06-04,25.9422124226888
2021-06-05,25.847900390625
2021-06-06,25.612137873967487
2021-06-07,26.960255066553753
2021-06-08,27.898851950963337
2021-06-09,27.638970375061035
2021-06-10,26.496273438135784
2021-06-11,24.652265071868896
2021-06-12,24.402037302652996
2021-06-13,24.248013575871784
2021-06-14,24.5875145594279
2021-06-15,25.17521293958028
2021-06-16,24.408238887786865
2021-06-17,24.958662430445354
2021-06-18,24.61770796775818
2021-06-19,24.196645736694336
2021-06-20,24.61278001467387
2021-06-21,25.164941708246868
2021-06-22,26.200233856836956
2021-06-23,26.58928044637044
2021-06-24,26.082021077473957
2021-06-25,24.727134068806965
2021-06-26,24.779223601023357
2021-06-27,25.550384044647217
2021-06-28,26.26313289006551
2021-06-29,27.408700068791706
2021-06-30,28.296452045440674
2021-07-01,28.977938095728557
2021-07-02,28.058106263478596
2021-07-03,25.99340017636617
2021-07-04,26.566885073979694
2021-07-05,26.883527755737305
2021-07-06,27.48372546831767
2021-07-07,27.76289923985799
2021-07-08,28.044360478719074
2021-07-09,25.64328606923421
2021-07-10,27.051921447118122
2021-07-11,27.82644295692444
2021-07-12,26.173017104466755
2021-07-13,26.083473761876423
2021-07-14,26.76670773824056
2021-07-15,26.655344486236572
2021-07-16,27.314800182978313
2021-07-17,27.532782713572185
2021-07-18,26.244585275650024
2021-07-19,24.9626882870992
2021-07-20,25.016469558080036
2021-07-21,24.570778290430706
2021-07-22,25.276918172836304
2021-07-23,25.757753133773804
2021-07-24,25.85669708251953
2021-07-25,26.577342987060547
2021-07-26,26.66224201520284
2021-07-27,25.842312415440876
2021-07-28,24.378095229466755
2021-07-29,24.58900761604309
2021-07-30,24.542875051498413
2021-07-31,24.832233270009358
2021-08-01,25.075194358825684
2021-08-02,24.896329164505005
2021-08-03,25.129831949869793
2021-08-04,24.849997997283936
2021-08-05,25.200044234593708
2021-08-06,25.834118684132893
2021-08-07,25.9458589553833
2021-08-08,25.942994117736816
2021-08-09,25.381512721379597
2021-08-10,24.66221006711324
2021-08-11,25.31737009684245
2021-08-12,25.702643235524494
2021-08-13,25.703267494837444
2021-08-14,25.622042099634807
2021-08-15,25.76107168197632
2021-08-16,26.030083735783894
2021-08-17,26.450958967208862
2021-08-18,26.28048284848531
2021-08-19,26.22057302792867
2021-08-20,25.277354160944622
2021-08-21,24.43144687016805
2021-08-22,25.171136458714802
2021-08-23,25.878295103708904
2021-08-24,25.68178900082906
2021-08-25,25.764890909194946
2021-08-26,25.508896907170612
2021-08-27,25.225295146306355
2021-08-28,25.404849370320637
2021-08-29,25.43049677213033
2021-08-30,24.790865580240887
2021-08-31,24.55949815114339
2021-09-01,25.24508508046468
2021-09-02,25.339978297551472
2021-09-03,25.39007027943929
2021-09-04,24.2822261651357
2021-09-05,25.09166383743286
2021-09-06,26.22775999704997
2021-09-07,26.184574524561565
2021-09-08,25.383286555608112
2021-09-09,25.281644185384113
2021-09-10,24.77389923731486
2021-09-11,24.74854803085327
2021-09-12,24.596707264582317
2021-09-13,25.57017175356547
2021-09-14,25.0506325562795
2021-09-15,24.594619592030842
2021-09-16,24.149055004119873
2021-09-17,23.3711675008138
2021-09-18,24.103160222371418
2021-09-19,25.01030198733012
2021-09-20,25.31893785794576
2021-09-21,25.11818067232768
2021-09-22,24.63400959968567
2021-09-23,24.23767574628194
2021-09-24,24.1962095896403
2021-09-25,24.08381160100301
2021-09-26,24.43333601951599
2021-09-27,24.91424568494161
2021-09-28,24.703348716100056
2021-09-29,25.019840081532795
2021-09-30,24.736108382542927
2021-10-01,24.189322233200073
2021-10-02,24.0000057220459
2021-10-03,23.58256419499715
2021-10-04,24.17117230097453
2021-10-05,23.924185355504353
2021-10-06,24.05700922012329
2021-10-07,23.886415163675945
2021-10-08,23.293556769688923
2021-10-09,22.353546301523846
2021-10-10,22.095495223999023
2021-10-11,22.05248562494914
2021-10-12,22.10103193918864
2021-10-13,22.073090076446533
2021-10-14,20.639657894770306
2021-10-15,20.110767761866253
2021-10-16,21.6376047929128
2021-10-17,23.698848247528076
2021-10-18,22.15797781944275
2021-10-19,21.27167773246765
2021-10-20,20.51455783843994
2021-10-21,19.015904744466145
2021-10-22,18.346516450246174
2021-10-23,18.596424341201782
2021-10-24,19.272966782251995
2021-10-25,18.42440668741862
2021-10-26,17.862309257189434
2021-10-27,16.6362642844518
2021-10-28,15.336414059003195
2021-10-29,15.147373914718628
2021-10-30,14.826370239257812
2021-10-31,14.73893149693807
2021-11-01,14.32665220896403
2021-11-02,14.590191205342611
2021-11-03,14.70174757639567
2021-11-04,14.892629226048788
2021-11-05,14.396916627883911
2021-11-06,13.614926854769388
2021-11-07,13.571347951889038
2021-11-08,13.572053988774618
2021-11-09,13.172827243804932
2021-11-10,13.09466584523519
2021-11-11,12.830655455589294
2021-11-12,12.62929896513621
2021-11-13,12.884356617927551
2021-11-14,12.107394297917685
2021-11-15,11.602559049924215
2021-11-16,11.196243007977804
2021-11-17,11.24299661318461
2021-11-18,12.50762665271759
2021-11-19,13.988542318344116
2021-11-20,15.293901761372885
2021-11-21,14.22340210278829
2021-11-22,13.936979452768961
2021-11-23,11.454426765441895
2021-11-24,10.43694257736206
2021-11-25,10.925705154736837
2021-11-26,10.647711992263794
2021-11-27,10.944702943166098
2021-11-28,11.306803067525228
2021-11-29,11.235788226127625
2021-11-30,10.913133899370829
2021-12-01,12.184327443440756
2021-12-02,13.410673101743063
2021-12-03,14.068692485491434
2021-12-04,12.22154974937439
2021-12-05,12.935159802436829
2021-12-06,14.375835259755453
2021-12-07,12.635615030924479
2021-12-08,10.467801332473755
2021-12-09,9.834913750489553
2021-12-10,9.707179645697275
2021-12-11,9.08464010556539
2021-12-12,7.871656934420268
2021-12-13,7.9263714750607805
2021-12-14,8.160655876000723
2021-12-15,9.364124695460001
2021-12-16,9.294645627339682
2021-12-17,9.8619335492452
2021-12-18,7.244681805372238
2021-12-19,5.198964327573776
2021-12-20,4.663852035999298
2021-12-21,4.934562583764394
2021-12-22,5.764926393826802
2021-12-23,6.869457105795543
2021-12-24,8.012224197387695
2021-12-25,8.54088987906774
2021-12-26,9.06518812974294
2021-12-27,9.860074202219645
2021-12-28,10.72030395269394
2021-12-29,11.053444902102152
2021-12-30,8.02647982041041
2021-12-31,7.500221649805705
2022-01-01,8.342497249444326
2022-01-02,7.160568952560425
2022-01-03,6.971219182014465
2022-01-04,7.591028074423472
2022-01-05,9.86154862244924
2022-01-06,11.594303290049234
2022-01-07,12.604364593823751
2022-01-08,13.00817354520162
2022-01-09,12.35731597741445
2022-01-10,10.835327247778574
2022-01-11,10.267630596955618
2022-01-12,10.017193913459778
2022-01-13,7.808022658030192
2022-01-14,7.256887475649516
2022-01-15,8.13480923573176
2022-01-16,6.906106074651082
2022-01-17,6.997792720794678
2022-01-18,5.569775660832723
2022-01-19,6.851940393447876
2022-01-20,6.798499623934428
2022-01-21,7.263600985209147
2022-01-22,8.846838315327963
2022-01-23,10.8993128935496
2022-01-24,10.396157503128052
2022-01-25,8.305282950401306
2022-01-26,7.301272392272949
2022-01-27,5.946142017841339
2022-01-28,6.160714238882065
2022-01-29,5.670354902744293
2022-01-30,6.961481153964996
2022-01-31,7.58893237511317
2022-02-01,7.869950373967488
2022-02-02,8.983116149902344
2022-02-03,10.233126362164816
2022-02-04,10.112912714481354
2022-02-05,7.185321718454361
2022-02-06,6.36444628238678
2022-02-07,6.937574982643127
2022-02-08,8.463372727235159
2022-02-09,10.941910147666931
2022-02-10,9.339791039625803
2022-02-11,8.436766147613525
2022-02-12,7.836442649364471
2022-02-13,7.818790853023529
2022-02-14,8.083478271961212
2022-02-15,8.879055500030518
2022-02-16,9.591666599114737
2022-02-17,9.8564084370931
2022-02-18,9.592726369698843
2022-02-19,10.864625732103983
2022-02-20,11.492899934450785
2022-02-21,9.969632267951965
2022-02-22,10.368883669376373
2022-02-23,13.162710189819336
2022-02-24,13.664891163508097
2022-02-25,13.096798857053122
2022-02-26,13.080611030260721
2022-02-27,13.141163865725199
2022-02-28,12.20031601190567
2022-03-01,10.756668289502462
2022-03-02,11.316797653834024
2022-03-03,12.088919719060263
2022-03-04,13.239052494366964
2022-03-05,13.859971046447754
2022-03-06,12.89550236860911
2022-03-07,13.583740750948587
2022-03-08,13.558827122052511
2022-03-09,14.793430964152018
2022-03-10,16.083935817082722
2022-03-11,15.569478948911032
2022-03-12,15.410309195518494
2022-03-13,15.145589232444763
2022-03-14,16.564444184303284
2022-03-15,17.892653306325276
2022-03-16,18.99451971054077
2022-03-17,19.697475751241047
2022-03-18,20.728253920873005
2022-03-19,20.563124895095825
2022-03-20,20.386603673299152
2022-03-21,19.96738855044047
2022-03-22,19.449177106221516
2022-03-23,18.479761123657227
2022-03-24,19.18711757659912
2022-03-25,19.930920958518982
2022-03-26,19.110166509946186
2022-03-27,18.817208607991535
2022-03-28,17.977885166803997
2022-03-29,18.663074254989624
2022-03-30,19.41306718190511
2022-03-31,20.202636003494263
2022-04-01,21.195375363032024
2022-04-02,19.812013546625774
2022-04-03,20.05280264218648
2022-04-04,19.661590894063313
2022-04-05,19.321082671483357
2022-04-06,19.438259681065876
2022-04-07,19.79879117012024
2022-04-08,20.689455191294353
2022-04-09,21.263686021169026
2022-04-10,22.134711345036823
2022-04-11,22.311994075775146
2022-04-12,23.128864765167236
2022-04-13,24.32880433400472
2022-04-14,22.92382272084554
2022-04-15,22.262808163960774
2022-04-16,22.307055393854778
2022-04-17,21.537278175354004
2022-04-18,22.0338458220164
2022-04-19,23.612526337305706
2022-04-20,24.304783423741657
2022-04-21,24.074469725290935
2022-04-22,23.27348979314168
2022-04-23,22.22412880261739
2022-04-24,22.590029160181682
2022-04-25,22.65681568781535
2022-04-26,23.88201387723287
2022-04-27,23.27996834119161
2022-04-28,23.473448673884075
2022-04-29,25.080122311909992
2022-04-30,24.78001133600871
2022-05-01,25.179743846257526
2022-05-02,25.366195917129517
2022-05-03,25.322566588719685
2022-05-04,25.93138639132182
2022-05-05,22.15546679496765
2022-05-06,23.960997025171917
2022-05-07,24.073610146840412
2022-05-08,24.875204006830852
2022-05-09,25.054526567459106
2022-05-10,26.125736474990845
2022-05-11,26.042864481608074
2022-05-12,27.438137372334797
2022-05-13,26.25612465540568
2022-05-14,26.150374094645183
2022-05-15,26.952555418014526
2022-05-16,28.771530469258625
2022-05-17,25.816761175791424
2022-05-18,26.571321090062458
2022-05-19,25.942834456761677
2022-05-20,27.075910965601604
2022-05-21,26.795837084452312
2022-05-22,25.111189365386963
2022-05-23,22.838011741638184
2022-05-24,20.352641701698303
2022-05-25,22.597503423690796
2022-05-26,23.55599530537923
2022-05-27,25.164060433705647
2022-05-28,25.78355860710144
2022-05-29,27.021570761998493
2022-05-30,26.676663319269817
2022-05-31,27.456888993581135
2022-06-01,26.617002089818318
2022-06-02,26.61756141980489
2022-06-03,26.45613980293274
2022-06-04,26.810291687647503
2022-06-05,26.797754049301147
2022-06-06,26.822076082229614
2022-06-07,27.805782477060955
2022-06-08,29.38832187652588
2022-06-09,27.71789558728536
2022-06-10,28.466748237609863
2022-06-11,28.62304361661275
2022-06-12,28.265085458755493
2022-06-13,28.863116423288982
2022-06-14,29.570889234542847
2022-06-15,29.794472694396973
2022-06-16,26.810749371846516
2022-06-17,25.49337379137675
2022-06-18,25.112175861994427
2022-06-19,24.40740744272868
2022-06-20,23.70758803685506
2022-06-21,23.841975212097168
2022-06-22,24.81262222925822
2022-06-23,26.360218207041424
2022-06-24,25.70736575126648
2022-06-25,26.20515052477519
2022-06-26,27.789399703343708
2022-06-27,28.206005414326984
2022-06-28,28.584378163019817
2022-06-29,26.702401558558147
2022-06-30,24.315451622009277
2022-07-01,24.929315169652302
2022-07-02,25.640188296635944
2022-07-03,25.21888740857442
2022-07-04,26.645893414815266
2022-07-05,27.34088881810506
2022-07-06,27.92056655883789
2022-07-07,27.08445398012797
2022-07-08,27.231419642766316
2022-07-09,27.453582843144734
2022-07-10,26.048192898432415
2022-07-11,27.04091207186381
2022-07-12,26.681581099828083
2022-07-13,27.194097757339478
2022-07-14,27.75937310854594
2022-07-15,26.292794466018677
2022-07-16,26.29006314277649
2022-07-17,26.22698911031087
2022-07-18,27.251198450724285
2022-07-19,27.522888898849487
2022-07-20,27.218975861867268
2022-07-21,24.22808567682902
2022-07-22,25.24360418319702
2022-07-23,25.2314035097758
2022-07-24,25.30744417508443
2022-07-25,24.782541036605835
2022-07-26,24.305231889088947
2022-07-27,24.603633324305218
2022-07-28,25.010114192962646
2022-07-29,24.930956681569416
2022-07-30,24.591212113698322
2022-07-31,24.672414620717365
2022-08-01,25.144854148228962
2022-08-02,25.75194199879964
2022-08-03,25.141737858454388
2022-08-04,25.229157209396362
2022-08-05,25.047407070795696
2022-08-06,25.90260108311971
2022-08-07,25.077980995178223
2022-08-08,25.047736644744873
2022-08-09,26.50404453277588
2022-08-10,26.495332956314087
2022-08-11,25.76817560195923
2022-08-12,24.870088656743366
2022-08-13,25.404030561447144
2022-08-14,25.31262477238973
2022-08-15,24.568156162897747
2022-08-16,24.85685936609904
2022-08-17,24.869064172108967
2022-08-18,25.384371042251587
2022-08-19,25.827497164408367
2022-08-20,24.37399895985921
2022-08-21,25.02483542760213
2022-08-22,25.48703654607137
2022-08-23,25.0458136399587
2022-08-24,25.414565483729046
2022-08-25,24.624839862187702
2022-08-26,24.995649496714275
2022-08-27,25.75013526280721
2022-08-28,25.520567496617634
2022-08-29,25.02540683746338
2022-08-30,25.179026047388714
2022-08-31,25.64082169532776
2022-09-01,26.159449338912964
2022-09-02,25.107355276743572
2022-09-03,25.370469093322754
2022-09-04,25.182774941126507
2022-09-05,25.13018822669983
2022-09-06,25.317898988723755
2022-09-07,25.36364483833313
2022-09-08,25.74589975674947
2022-09-09,25.486108859380085
2022-09-10,25.814721981684368
2022-09-11,25.347378889719646
2022-09-12,25.235508918762207
2022-09-13,24.483739932378132
2022-09-14,24.523640871047974
2022-09-15,24.147887388865154
2022-09-16,23.809296528498333
2022-09-17,23.659335772196453
2022-09-18,23.742961327234905
2022-09-19,24.396965583165485
2022-09-20,24.614548603693645
2022-09-21,24.14411433537801
2022-09-22,24.280215660731
2022-09-23,24.301041046778362
2022-09-24,23.598952690760296
2022-09-25,23.50112255414327
2022-09-26,23.59033187230428
2022-09-27,23.277905384699505
2022-09-28,23.465120553970337
2022-09-29,23.630040963490803
2022-09-30,23.46245527267456
2022-10-01,23.361860434214275
2022-10-02,23.20084031422933
2022-10-03,23.51741560300191
2022-10-04,23.644732236862183
2022-10-05,23.36024522781372
2022-10-06,22.3616681098938
2022-10-07,22.05285970369975
2022-10-08,22.179580847422283
2022-10-09,22.21651554107666
2022-10-10,21.637895107269287
2022-10-11,21.120540380477905
2022-10-12,21.067790269851685
2022-10-13,20.332239389419556
2022-10-14,19.639145533243816
2022-10-15,19.209636688232422
2022-10-16,18.807546536127727
2022-10-17,18.964219570159912
2022-10-18,18.859081586201984
2022-10-19,17.974993586540222
2022-10-20,18.11113913853963
2022-10-21,18.181876182556152
2022-10-22,18.082091410954792
2022-10-23,17.57064950466156
2022-10-24,16.805021564165752
2022-10-25,16.490330656369526
2022-10-26,15.896402756373087
2022-10-27,15.919419129689535
2022-10-28,16.433423121770222
2022-10-29,16.541447639465332
2022-10-30,16.301202694574993
2022-10-31,16.16760277748108
2022-11-01,16.142337918281555
2022-11-02,16.09124545256297
2022-11-03,16.327210426330566
2022-11-04,17.126754641532898
2022-11-05,17.60871195793152
2022-11-06,17.205280502637226
2022-11-07,16.836183468500774
2022-11-08,16.733261704444885
2022-11-09,16.79285518328349
2022-11-10,16.507204214731853
2022-11-11,15.661213715871176
2022-11-12,13.531267007191977
2022-11-13,12.55658201376597
2022-11-14,12.751396258672079
2022-11-15,13.023531238238016
2022-11-16,13.231722553571066
2022-11-17,13.062869866689047
2022-11-18,10.966932773590088
2022-11-19,10.469240506490072
2022-11-20,10.857996622721354
2022-11-21,11.610882759094238
2022-11-22,11.358324448267618
2022-11-23,10.822832226753235
2022-11-24,9.891555428504944
2022-11-25,9.912044366200766
2022-11-26,10.12555476029714
2022-11-27,10.336994171142578
2022-11-28,10.380063454310099
2022-11-29,10.565647999445597
2022-11-30,10.824201345443726
2022-12-01,10.458184878031412
2022-12-02,10.176741202672323
2022-12-03,10.510642727216085
2022-12-04,10.249791105588278
2022-12-05,10.044295271237692
2022-12-06,9.759439527988434
2022-12-07,9.194117724895477
2022-12-08,8.967462460199991
2022-12-09,8.99704615275065
2022-12-10,9.184716701507568
2022-12-11,9.92933185895284
2022-12-12,10.896591146787008
2022-12-13,12.038668990135193
2022-12-14,10.584552526473999
2022-12-15,8.97128321727117
2022-12-16,8.383889893690744
2022-12-17,7.86714373032252
2022-12-18,7.957307398319244
2022-12-19,8.280924121538797
2022-12-20,8.62721178929011
2022-12-21,8.18646377325058
2022-12-22,8.489441335201263
2022-12-23,8.711611449718475
2022-12-24,9.781187534332275
2022-12-25,8.744491020838419
2022-12-26,8.181701421737671
2022-12-27,7.613200108210246
2022-12-28,6.689246078332265
2022-12-29,6.8303587436676025
2022-12-30,8.484934171040853
2022-12-31,8.400116920471191
2023-01-01,8.229247291882833
2023-01-02,8.3095476826032
2023-01-03,7.2361781398455305
2023-01-04,7.1807898084322614
2023-01-05,5.600238025188446
2023-01-06,5.137408336003621
2023-01-07,4.005672723054886
2023-01-08,4.181610564390819
2023-01-09,5.458563407262166
2023-01-10,6.59902302424113
2023-01-11,7.0166434446970625
2023-01-12,8.007688681284586
2023-01-13,9.28671290477117
2023-01-14,10.100675741831461
2023-01-15,8.01264758904775
2023-01-16,4.424304922421773
2023-01-17,4.040956099828084
2023-01-18,3.944544722636541
2023-01-19,5.333401242891948
2023-01-20,7.160248676935832
2023-01-21,8.567830185095469
2023-01-22,9.838746507962545
2023-01-23,10.588976740837097
2023-01-24,11.943380117416382
2023-01-25,13.363375425338745
2023-01-26,13.628039677937826
2023-01-27,11.476286828517914
2023-01-28,7.842723985513051
2023-01-29,8.348049322764078
2023-01-30,10.691948612531027
2023-01-31,11.215778489907583
2023-02-01,10.932042320569357
2023-02-02,8.79972509543101
2023-02-03,8.77546731630961
2023-02-04,9.509103854497274
2023-02-05,10.154064774513245
2023-02-06,10.22174330552419
2023-02-07,11.32252550125122
2023-02-08,10.677914341290792
2023-02-09,9.83094871044159
2023-02-10,11.48696001370748
2023-02-11,13.140808860460917
2023-02-12,12.394553303718567
2023-02-13,9.163979272047678
2023-02-14,9.337401886781057
2023-02-15,10.353840231895447
2023-02-16,11.208411455154419
2023-02-17,12.999366919199625
2023-02-18,13.153576334317526
2023-02-19,13.593776941299438
2023-02-20,13.930461724599203
2023-02-21,14.99976098537445
2023-02-22,14.374877492586771
2023-02-23,13.245428919792175
2023-02-24,12.841120481491089
2023-02-25,12.443211873372396
2023-02-26,13.170225501060486
2023-02-27,13.907380620638529
2023-02-28,14.22392443815867
2023-03-01,15.456555922826132
2023-03-02,14.996717890103659
2023-03-03,15.938445607821146
2023-03-04,15.924319942792257
2023-03-05,15.86440090338389
2023-03-06,15.39099907875061
2023-03-07,15.322205742200216
2023-03-08,15.943477114041647
2023-03-09,15.324612577756247
2023-03-10,15.365167299906412
2023-03-11,15.699158112208048
2023-03-12,16.058371384938557
2023-03-13,16.445814569791157
2023-03-14,17.011682113011677
2023-03-15,16.80792502562205
2023-03-16,18.133072058359783
2023-03-17,17.520092527071636
2023-03-18,17.39598039786021
2023-03-19,15.878419637680054
2023-03-20,15.985989054044088
2023-03-21,15.229219198226929
2023-03-22,13.97059416770935
2023-03-23,15.61981455485026
2023-03-24,16.448713938395183
2023-03-25,17.802618940671284
2023-03-26,17.676871220270794
2023-03-27,16.773282289505005
2023-03-28,16.189988374710083
2023-03-29,16.878133455912273
2023-03-30,18.428379734357197
2023-03-31,18.264744957288105
2023-04-01,16.1325208346049
2023-04-02,16.424838940302532
2023-04-03,17.34242820739746
2023-04-04,18.655146916707356
2023-04-05,17.76516779263814
2023-04-06,17.387275854746502
2023-04-07,17.801137765248615
2023-04-08,18.53906997044881
2023-04-09,18.62678615252177
2023-04-10,17.985378344853718
2023-04-11,17.996573050816853
2023-04-12,19.79371953010559
2023-04-13,20.9364013671875
2023-04-14,21.188164234161377
2023-04-15,21.10622437795003
2023-04-16,22.376687049865723
2023-04-17,22.150559425354004
2023-04-18,22.889140208562214
2023-04-19,23.09275182088216
2023-04-20,23.184802293777466
2023-04-21,22.366082429885864
2023-04-22,20.161691268285114
2023-04-23,20.368056456247967
2023-04-24,19.179964145024616
2023-04-25,17.614288806915283
2023-04-26,19.63932542006175
2023-04-27,20.934355179468792
2023-04-28,21.400466124216717
2023-04-29,21.790955146153767
2023-04-30,21.74850042661031
2023-05-01,19.068829854329426
2023-05-02,18.738532463709515
2023-05-03,20.415677507718403
2023-05-04,18.67554275194804
2023-05-05,20.286685705184937
2023-05-06,21.221792221069336
2023-05-07,22.257211844126385
2023-05-08,22.491824706395466
2023-05-09,21.699941476186115
2023-05-10,20.463290055592854
2023-05-11,19.67103683948517
2023-05-12,20.91748317082723
2023-05-13,22.614774147669475
2023-05-14,23.83436195055644
2023-05-15,24.713566700617474
2023-05-16,24.041529178619385
2023-05-17,24.940773884455364
2023-05-18,22.835003058115642
2023-05-19,24.048167785008747
2023-05-20,23.743228435516357
2023-05-21,24.043649276097614
2023-05-22,26.276888767878216
2023-05-23,26.87717088063558
2023-05-24,25.27070959409078
2023-05-25,23.165674527486164
2023-05-26,20.71414542198181
2023-05-27,22.11212921142578
2023-05-28,22.51725633939107
2023-05-29,22.89959915479024
2023-05-30,24.28792937596639
2023-05-31,24.068781932195026
2023-06-01,23.50437347094218
2023-06-02,23.563321749369305
2023-06-03,24.244252522786457
2023-06-04,24.577060222625732
2023-06-05,25.052029212315876
2023-06-06,24.233580191930134
2023-06-07,24.786465326944988
2023-06-08,25.33819516499837
2023-06-09,25.9194438457489
2023-06-10,27.086787780125935
2023-06-11,27.48825677235921
2023-06-12,27.37513780593872
2023-06-13,28.694444338480633
2023-06-14,28.910353501637776
2023-06-15,29.127410014470417
2023-06-16,28.395514965057373
2023-06-17,28.107072989145916
2023-06-18,28.82719548543294
2023-06-19,27.46824860572815
2023-06-20,26.748619476954143
2023-06-21,26.437177578608196
2023-06-22,26.666624863942463
2023-06-23,27.063698609670002
2023-06-24,27.406218369801838
2023-06-25,25.57602111498515
2023-06-26,25.834578275680542
2023-06-27,26.023863951365154
2023-06-28,26.05142108599345
2023-06-29,25.58474890391032
2023-06-30,24.806868314743042
2023-07-01,25.03448549906413
2023-07-02,25.496140321095783
2023-07-03,26.622179985046387
2023-07-04,26.89771604537964
2023-07-05,26.01451237996419
2023-07-06,26.27073311805725
2023-07-07,25.921303351720173
2023-07-08,25.44751747449239
2023-07-09,25.468489090601604
2023-07-10,25.521818161010742
2023-07-11,25.759530385335285
2023-07-12,25.449794212977093
2023-07-13,26.015320380528767
2023-07-14,26.020963191986084
2023-07-15,25.912663062413532
2023-07-16,25.07024558385213
2023-07-17,26.336307128270466
2023-07-18,26.596502701441448
2023-07-19,26.62779887517293
2023-07-20,27.5252943833669
2023-07-21,28.04317808151245
2023-07-22,27.490561087926228
2023-07-23,26.85212516784668
2023-07-24,27.299293518066406
2023-07-25,26.849426825841267
2023-07-26,25.737013181050617
2023-07-27,26.14455779393514
2023-07-28,26.573516448338825
2023-07-29,25.39014784495036
2023-07-30,25.43669080734253
2023-07-31,26.009881019592285
2023-08-01,26.14975341161092
2023-08-02,25.714893738428753
2023-08-03,25.65820074081421
2023-08-04,25.6046888033549
2023-08-05,25.59665592511495
2023-08-06,25.31989860534668
2023-08-07,25.386192083358765
2023-08-08,25.599300225575764
2023-08-09,25.499295314153034
2023-08-10,25.83687949180603
2023-08-11,25.810301701227825
2023-08-12,26.14969340960185
2023-08-13,25.878304084142048
2023-08-14,25.301113446553547
2023-08-15,25.485963185628254
2023-08-16,26.1351375579834
2023-08-17,26.34298912684123
2023-08-18,25.965598106384277
2023-08-19,25.99754015604655
2023-08-20,26.6011799176534
2023-08-21,26.888665358225506
2023-08-22,26.53255518277486
2023-08-23,24.44177182515462
2023-08-24,24.48944894472758
2023-08-25,24.4855002562205
2023-08-26,24.52399182319641
2023-08-27,25.121367931365967
2023-08-28,24.76000777880351
2023-08-29,24.741888602574665
2023-08-30,25.237139066060383
2023-08-31,25.63421591122945
2023-09-01,26.469205538431805
2023-09-02,26.66487145423889
2023-09-03,25.992907285690308
2023-09-04,25.535306612650555
2023-09-05,25.6023432413737
2023-09-06,24.926574389139812
2023-09-07,24.798709630966187
2023-09-08,24.491110642751057
2023-09-09,24.587985118230183
2023-09-10,24.4596954981486
2023-09-11,24.2483971118927
2023-09-12,24.940060138702393
2023-09-13,25.65970762570699
2023-09-14,26.298367420832317
2023-09-15,26.24627176920573
2023-09-16,25.940633694330852
2023-09-17,25.05055856704712
2023-09-18,24.466389417648315
2023-09-19,24.96029766400655
2023-09-20,25.419070561726887
2023-09-21,25.43554139137268
2023-09-22,25.1883061726888
2023-09-23,25.013946612675984
2023-09-24,24.421934445699055
2023-09-25,24.23456597328186
2023-09-26,24.257960001627605
2023-09-27,24.312146345774334
2023-09-28,24.034836371739704
2023-09-29,23.509284416834515
2023-09-30,23.440930048624676
2023-10-01,23.121859868367512
2023-10-02,23.39901343981425
2023-10-03,22.226045608520508
2023-10-04,21.494699080785114
2023-10-05,21.384790500005085
2023-10-06,21.17838454246521
2023-10-07,21.484063545862835
2023-10-08,22.224496205647785
2023-10-09,23.072854439417522
2023-10-10,22.58693814277649
2023-10-11,21.530883232752483
2023-10-12,20.275036255518597
2023-10-13,20.01084049542745
2023-10-14,20.419801950454712
2023-10-15,20.94861976305644
2023-10-16,20.82636547088623
2023-10-17,18.231019099553425
2023-10-18,18.115000287691753
2023-10-19,17.510037223498028
2023-10-20,17.046308835347492
2023-10-21,16.824233412742615
2023-10-22,16.904144088427227
2023-10-23,17.010818282763164
2023-10-24,17.278374830881756
2023-10-25,17.06143057346344
2023-10-26,16.797915657361347
2023-10-27,15.972977836926779
2023-10-28,15.848345041275024
2023-10-29,16.412469387054443
2023-10-30,16.449521978696186
2023-10-31,16.938557386398315
2023-11-01,17.601731459299724
2023-11-02,17.062397122383118
2023-11-03,16.935812791188557
2023-11-04,16.82276789347331
2023-11-05,16.465606768925984
2023-11-06,16.23073407014211
2023-11-07,15.43516230583191
2023-11-08,15.447366038958231
2023-11-09,15.465648810068766
2023-11-10,16.14736823240916
2023-11-11,16.01340138912201
2023-11-12,14.857495546340942
2023-11-13,14.151365796724955
2023-11-14,13.989020069440206
2023-11-15,13.607273817062378
2023-11-16,13.336141029993692
2023-11-17,13.724292715390524
2023-11-18,13.722943902015686
2023-11-19,13.875224550565084
2023-11-20,14.322923302650452
2023-11-21,13.971587300300598
2023-11-22,13.073073228200277
2023-11-23,12.103334069252014
2023-11-24,11.904268066088358
2023-11-25,11.388357639312744
2023-11-26,11.405380527178446
2023-11-27,13.503384749094645
2023-11-28,13.692911386489868
2023-11-29,13.354699532190958
2023-11-30,14.916669130325317
2023-12-01,15.259113589922586
2023-12-02,14.922715703646341
2023-12-03,14.688098192214966
2023-12-04,14.930475195248922
2023-12-05,13.824818849563599
2023-12-06,13.324176589647928
2023-12-07,13.486173868179321
2023-12-08,12.563112139701843
2023-12-09,11.521643698215485
2023-12-10,10.178018728892008
2023-12-11,9.182391484578451
2023-12-12,9.273026486237844
2023-12-13,8.810703357060751
2023-12-14,8.410214324792227
2023-12-15,7.799169460932414
2023-12-16,8.021903296311697
2023-12-17,7.893295228481293
2023-12-18,7.7990570068359375
2023-12-19,7.931341568628947
2023-12-20,7.534313539663951
2023-12-21,7.994550863901774
2023-12-22,8.339821139971415
2023-12-23,9.65406358242035
2023-12-24,9.682170470555624
2023-12-25,10.06050443649292
2023-12-26,10.005451301733652
2023-12-27,9.788970192273458
2023-12-28,9.998347282409668
2023-12-29,10.095758636792501
2023-12-30,9.553856412569681
2023-12-31,9.724594036738077
